{
 "f": [
  {
   "__tuple__": true, 
   "items": [
    "", 
    0, 
    2147483647, 
    "code_explorer_custom_root_folder_name"
   ]
  }, 
  {
   "__tuple__": true, 
   "items": [
    "/2147483647", 
    0, 
    "knmjAJAHEe6+K2wkCM0y6O", 
    "\u4eba\u65cf\u51fa\u73b0"
   ]
  }, 
  {
   "__tuple__": true, 
   "items": [
    "/2147483647", 
    1, 
    "ffV2MIR2Ee6KJmwkCM0y6B", 
    "\u866b\u65cf\u5b50\u5f39"
   ]
  }, 
  {
   "__tuple__": true, 
   "items": [
    "/2147483647", 
    2, 
    "ckUPgIR2Ee6C9GwkCM0y6I", 
    "\u53d7\u51fb"
   ]
  }, 
  {
   "__tuple__": true, 
   "items": [
    "/2147483647", 
    3, 
    "adE2MIR2Ee6okGwkCM0y6N", 
    "\u4eba\u7c7b\u5b50\u5f39(4)"
   ]
  }, 
  {
   "__tuple__": true, 
   "items": [
    "/2147483647", 
    4, 
    "YfXzXoR2Ee6+2GwkCM0y6I", 
    "\u866b\u65cf\u51fa\u73b0"
   ]
  }
 ], 
 "d": {
  "134254764": {
   "__tuple__": true, 
   "items": [
    "knmjAJAHEe6+K2wkCM0y6O", 
    0
   ]
  }, 
  "134267272": {
   "__tuple__": true, 
   "items": [
    "ffV2MIR2Ee6KJmwkCM0y6B", 
    0
   ]
  }, 
  "134246827": {
   "__tuple__": true, 
   "items": [
    "ffV2MIR2Ee6KJmwkCM0y6B", 
    1
   ]
  }, 
  "134282233": {
   "__tuple__": true, 
   "items": [
    "ckUPgIR2Ee6C9GwkCM0y6I", 
    0
   ]
  }, 
  "134266194": {
   "__tuple__": true, 
   "items": [
    "ckUPgIR2Ee6C9GwkCM0y6I", 
    1
   ]
  }, 
  "134240832": {
   "__tuple__": true, 
   "items": [
    "ckUPgIR2Ee6C9GwkCM0y6I", 
    2
   ]
  }, 
  "134221527": {
   "__tuple__": true, 
   "items": [
    "adE2MIR2Ee6okGwkCM0y6N", 
    0
   ]
  }, 
  "134270818": {
   "__tuple__": true, 
   "items": [
    "adE2MIR2Ee6okGwkCM0y6N", 
    1
   ]
  }, 
  "134259582": {
   "__tuple__": true, 
   "items": [
    "adE2MIR2Ee6okGwkCM0y6N", 
    2
   ]
  }, 
  "134270422": {
   "__tuple__": true, 
   "items": [
    "adE2MIR2Ee6okGwkCM0y6N", 
    3
   ]
  }, 
  "134226438": {
   "__tuple__": true, 
   "items": [
    "adE2MIR2Ee6okGwkCM0y6N", 
    4
   ]
  }, 
  "134232647": {
   "__tuple__": true, 
   "items": [
    "adE2MIR2Ee6okGwkCM0y6N", 
    5
   ]
  }, 
  "134240540": {
   "__tuple__": true, 
   "items": [
    "adE2MIR2Ee6okGwkCM0y6N", 
    6
   ]
  }, 
  "134238525": {
   "__tuple__": true, 
   "items": [
    "adE2MIR2Ee6okGwkCM0y6N", 
    7
   ]
  }, 
  "134274323": {
   "__tuple__": true, 
   "items": [
    "YfXzXoR2Ee6+2GwkCM0y6I", 
    0
   ]
  }, 
  "134234695": {
   "__tuple__": true, 
   "items": [
    "YfXzXoR2Ee6+2GwkCM0y6I", 
    1
   ]
  }, 
  "134246110": {
   "__tuple__": true, 
   "items": [
    "YfXzXoR2Ee6+2GwkCM0y6I", 
    2
   ]
  }, 
  "134235601": {
   "__tuple__": true, 
   "items": [
    2147483647, 
    5
   ]
  }, 
  "134222675": {
   "__tuple__": true, 
   "items": [
    2147483647, 
    6
   ]
  }, 
  "134268003": {
   "__tuple__": true, 
   "items": [
    2147483647, 
    7
   ]
  }, 
  "134219573": {
   "__tuple__": true, 
   "items": [
    2147483647, 
    8
   ]
  }, 
  "134281075": {
   "__tuple__": true, 
   "items": [
    2147483647, 
    9
   ]
  }, 
  "134244746": {
   "__tuple__": true, 
   "items": [
    2147483647, 
    10
   ]
  }, 
  "134236300": {
   "__tuple__": true, 
   "items": [
    2147483647, 
    11
   ]
  }, 
  "134278275": {
   "__tuple__": true, 
   "items": [
    2147483647, 
    12
   ]
  }, 
  "134272543": {
   "__tuple__": true, 
   "items": [
    2147483647, 
    13
   ]
  }, 
  "134244465": {
   "__tuple__": true, 
   "items": [
    2147483647, 
    14
   ]
  }, 
  "134227919": {
   "__tuple__": true, 
   "items": [
    2147483647, 
    15
   ]
  }, 
  "134245719": {
   "__tuple__": true, 
   "items": [
    2147483647, 
    16
   ]
  }, 
  "134256861": {
   "__tuple__": true, 
   "items": [
    2147483647, 
    17
   ]
  }, 
  "134267907": {
   "__tuple__": true, 
   "items": [
    2147483647, 
    18
   ]
  }, 
  "134247289": {
   "__tuple__": true, 
   "items": [
    2147483647, 
    19
   ]
  }, 
  "134250450": {
   "__tuple__": true, 
   "items": [
    2147483647, 
    20
   ]
  }, 
  "134262618": {
   "__tuple__": true, 
   "items": [
    2147483647, 
    21
   ]
  }, 
  "134226107": {
   "__tuple__": true, 
   "items": [
    2147483647, 
    22
   ]
  }, 
  "134243899": {
   "__tuple__": true, 
   "items": [
    2147483647, 
    23
   ]
  }, 
  "134224142": {
   "__tuple__": true, 
   "items": [
    2147483647, 
    24
   ]
  }, 
  "134275144": {
   "__tuple__": true, 
   "items": [
    2147483647, 
    25
   ]
  }, 
  "134242476": {
   "__tuple__": true, 
   "items": [
    2147483647, 
    26
   ]
  }, 
  "134264689": {
   "__tuple__": true, 
   "items": [
    2147483647, 
    27
   ]
  }, 
  "134264752": {
   "__tuple__": true, 
   "items": [
    2147483647, 
    28
   ]
  }, 
  "134278369": {
   "__tuple__": true, 
   "items": [
    2147483647, 
    29
   ]
  }
 }
}