{
 "f": [
  {
   "__tuple__": true, 
   "items": [
    "", 
    0, 
    2147483647, 
    "code_explorer_custom_root_folder_name"
   ]
  }
 ], 
 "d": {
  "134262144": {
   "__tuple__": true, 
   "items": [
    2147483647, 
    0
   ]
  }, 
  "134219211": {
   "__tuple__": true, 
   "items": [
    2147483647, 
    1
   ]
  }, 
  "134225128": {
   "__tuple__": true, 
   "items": [
    2147483647, 
    2
   ]
  }, 
  "134244239": {
   "__tuple__": true, 
   "items": [
    2147483647, 
    3
   ]
  }, 
  "134239503": {
   "__tuple__": true, 
   "items": [
    2147483647, 
    4
   ]
  }, 
  "134265478": {
   "__tuple__": true, 
   "items": [
    2147483647, 
    5
   ]
  }, 
  "134277683": {
   "__tuple__": true, 
   "items": [
    2147483647, 
    6
   ]
  }, 
  "134241581": {
   "__tuple__": true, 
   "items": [
    2147483647, 
    7
   ]
  }, 
  "134267974": {
   "__tuple__": true, 
   "items": [
    2147483647, 
    8
   ]
  }, 
  "134263278": {
   "__tuple__": true, 
   "items": [
    2147483647, 
    9
   ]
  }, 
  "134280954": {
   "__tuple__": true, 
   "items": [
    2147483647, 
    10
   ]
  }, 
  "134247611": {
   "__tuple__": true, 
   "items": [
    2147483647, 
    11
   ]
  }, 
  "134250758": {
   "__tuple__": true, 
   "items": [
    2147483647, 
    12
   ]
  }, 
  "134257538": {
   "__tuple__": true, 
   "items": [
    2147483647, 
    13
   ]
  }, 
  "134269567": {
   "__tuple__": true, 
   "items": [
    2147483647, 
    14
   ]
  }, 
  "134218715": {
   "__tuple__": true, 
   "items": [
    2147483647, 
    15
   ]
  }, 
  "134235154": {
   "__tuple__": true, 
   "items": [
    2147483647, 
    16
   ]
  }, 
  "134229341": {
   "__tuple__": true, 
   "items": [
    2147483647, 
    17
   ]
  }, 
  "134260579": {
   "__tuple__": true, 
   "items": [
    2147483647, 
    18
   ]
  }, 
  "134266158": {
   "__tuple__": true, 
   "items": [
    2147483647, 
    19
   ]
  }, 
  "134222585": {
   "__tuple__": true, 
   "items": [
    2147483647, 
    20
   ]
  }, 
  "134247095": {
   "__tuple__": true, 
   "items": [
    2147483647, 
    21
   ]
  }, 
  "134221502": {
   "__tuple__": true, 
   "items": [
    2147483647, 
    22
   ]
  }, 
  "134228808": {
   "__tuple__": true, 
   "items": [
    2147483647, 
    23
   ]
  }, 
  "134277699": {
   "__tuple__": true, 
   "items": [
    2147483647, 
    24
   ]
  }, 
  "134232323": {
   "__tuple__": true, 
   "items": [
    2147483647, 
    25
   ]
  }, 
  "134269973": {
   "__tuple__": true, 
   "items": [
    2147483647, 
    26
   ]
  }, 
  "134266538": {
   "__tuple__": true, 
   "items": [
    2147483647, 
    27
   ]
  }, 
  "134283173": {
   "__tuple__": true, 
   "items": [
    2147483647, 
    28
   ]
  }, 
  "134234571": {
   "__tuple__": true, 
   "items": [
    2147483647, 
    29
   ]
  }, 
  "134238720": {
   "__tuple__": true, 
   "items": [
    2147483647, 
    30
   ]
  }, 
  "134245826": {
   "__tuple__": true, 
   "items": [
    2147483647, 
    31
   ]
  }, 
  "134234440": {
   "__tuple__": true, 
   "items": [
    2147483647, 
    32
   ]
  }, 
  "134280660": {
   "__tuple__": true, 
   "items": [
    2147483647, 
    33
   ]
  }, 
  "134217750": {
   "__tuple__": true, 
   "items": [
    2147483647, 
    34
   ]
  }
 }
}