{
 "f": [
  {
   "__tuple__": true, 
   "items": [
    "", 
    0, 
    2147483647, 
    "code_explorer_custom_root_folder_name"
   ]
  }, 
  {
   "__tuple__": true, 
   "items": [
    "/2147483647", 
    0, 
    "aa-BgI6oEe6c-GwkCM0y6M", 
    "\u4eba\u65cf\u5efa\u7b51"
   ]
  }
 ], 
 "d": {
  "134235888": {
   "__tuple__": true, 
   "items": [
    "aa-BgI6oEe6c-GwkCM0y6M", 
    0
   ]
  }, 
  "134231602": {
   "__tuple__": true, 
   "items": [
    "aa-BgI6oEe6c-GwkCM0y6M", 
    1
   ]
  }, 
  "134257845": {
   "__tuple__": true, 
   "items": [
    2147483647, 
    1
   ]
  }, 
  "134241728": {
   "__tuple__": true, 
   "items": [
    2147483647, 
    2
   ]
  }, 
  "134282360": {
   "__tuple__": true, 
   "items": [
    2147483647, 
    3
   ]
  }, 
  "134239670": {
   "__tuple__": true, 
   "items": [
    2147483647, 
    4
   ]
  }, 
  "134260536": {
   "__tuple__": true, 
   "items": [
    2147483647, 
    5
   ]
  }, 
  "134239396": {
   "__tuple__": true, 
   "items": [
    2147483647, 
    6
   ]
  }, 
  "134220666": {
   "__tuple__": true, 
   "items": [
    2147483647, 
    7
   ]
  }, 
  "134267781": {
   "__tuple__": true, 
   "items": [
    2147483647, 
    8
   ]
  }, 
  "134248162": {
   "__tuple__": true, 
   "items": [
    2147483647, 
    9
   ]
  }, 
  "134233909": {
   "__tuple__": true, 
   "items": [
    2147483647, 
    10
   ]
  }, 
  "134233606": {
   "__tuple__": true, 
   "items": [
    2147483647, 
    11
   ]
  }, 
  "134250943": {
   "__tuple__": true, 
   "items": [
    2147483647, 
    12
   ]
  }, 
  "134261529": {
   "__tuple__": true, 
   "items": [
    2147483647, 
    13
   ]
  }, 
  "134264231": {
   "__tuple__": true, 
   "items": [
    2147483647, 
    14
   ]
  }, 
  "134249440": {
   "__tuple__": true, 
   "items": [
    2147483647, 
    15
   ]
  }, 
  "134253714": {
   "__tuple__": true, 
   "items": [
    2147483647, 
    16
   ]
  }, 
  "134282209": {
   "__tuple__": true, 
   "items": [
    2147483647, 
    17
   ]
  }, 
  "134247062": {
   "__tuple__": true, 
   "items": [
    2147483647, 
    18
   ]
  }, 
  "134263927": {
   "__tuple__": true, 
   "items": [
    2147483647, 
    19
   ]
  }, 
  "134277164": {
   "__tuple__": true, 
   "items": [
    2147483647, 
    20
   ]
  }, 
  "134259992": {
   "__tuple__": true, 
   "items": [
    2147483647, 
    21
   ]
  }, 
  "134227851": {
   "__tuple__": true, 
   "items": [
    2147483647, 
    22
   ]
  }, 
  "134265813": {
   "__tuple__": true, 
   "items": [
    2147483647, 
    23
   ]
  }, 
  "134264927": {
   "__tuple__": true, 
   "items": [
    2147483647, 
    24
   ]
  }, 
  "134245986": {
   "__tuple__": true, 
   "items": [
    2147483647, 
    25
   ]
  }, 
  "134233371": {
   "__tuple__": true, 
   "items": [
    2147483647, 
    26
   ]
  }, 
  "134231839": {
   "__tuple__": true, 
   "items": [
    2147483647, 
    27
   ]
  }, 
  "134259099": {
   "__tuple__": true, 
   "items": [
    2147483647, 
    28
   ]
  }, 
  "134248730": {
   "__tuple__": true, 
   "items": [
    2147483647, 
    29
   ]
  }, 
  "134255587": {
   "__tuple__": true, 
   "items": [
    2147483647, 
    30
   ]
  }, 
  "134245959": {
   "__tuple__": true, 
   "items": [
    2147483647, 
    31
   ]
  }, 
  "134264947": {
   "__tuple__": true, 
   "items": [
    2147483647, 
    32
   ]
  }, 
  "134228452": {
   "__tuple__": true, 
   "items": [
    2147483647, 
    33
   ]
  }, 
  "134234342": {
   "__tuple__": true, 
   "items": [
    2147483647, 
    34
   ]
  }, 
  "134241549": {
   "__tuple__": true, 
   "items": [
    2147483647, 
    35
   ]
  }, 
  "134248205": {
   "__tuple__": true, 
   "items": [
    2147483647, 
    36
   ]
  }, 
  "134233812": {
   "__tuple__": true, 
   "items": [
    2147483647, 
    37
   ]
  }, 
  "134254838": {
   "__tuple__": true, 
   "items": [
    2147483647, 
    38
   ]
  }, 
  "134264536": {
   "__tuple__": true, 
   "items": [
    2147483647, 
    39
   ]
  }, 
  "134280087": {
   "__tuple__": true, 
   "items": [
    2147483647, 
    40
   ]
  }, 
  "134225443": {
   "__tuple__": true, 
   "items": [
    2147483647, 
    41
   ]
  }, 
  "134253555": {
   "__tuple__": true, 
   "items": [
    2147483647, 
    42
   ]
  }, 
  "134219508": {
   "__tuple__": true, 
   "items": [
    2147483647, 
    43
   ]
  }, 
  "134270040": {
   "__tuple__": true, 
   "items": [
    2147483647, 
    44
   ]
  }, 
  "134233589": {
   "__tuple__": true, 
   "items": [
    2147483647, 
    45
   ]
  }, 
  "134218238": {
   "__tuple__": true, 
   "items": [
    2147483647, 
    46
   ]
  }, 
  "134256831": {
   "__tuple__": true, 
   "items": [
    2147483647, 
    47
   ]
  }, 
  "134255662": {
   "__tuple__": true, 
   "items": [
    2147483647, 
    48
   ]
  }, 
  "134266503": {
   "__tuple__": true, 
   "items": [
    2147483647, 
    49
   ]
  }, 
  "134224179": {
   "__tuple__": true, 
   "items": [
    2147483647, 
    50
   ]
  }, 
  "134256117": {
   "__tuple__": true, 
   "items": [
    2147483647, 
    51
   ]
  }, 
  "134273819": {
   "__tuple__": true, 
   "items": [
    2147483647, 
    52
   ]
  }, 
  "134282091": {
   "__tuple__": true, 
   "items": [
    2147483647, 
    53
   ]
  }, 
  "134265469": {
   "__tuple__": true, 
   "items": [
    2147483647, 
    54
   ]
  }
 }
}