{
    "local_variable": {
        "1714618370": {
            "variable_dict": {
                "FLOAT": {}, 
                "POINT": {}, 
                "SFX_ENTITY": {
                    "\u5f53\u524d\u7279\u6548": 0
                }, 
                "UNIT_GROUP": {
                    "\u5468\u56f4\u5355\u4f4d\u5217\u8868": []
                }
            }, 
            "variable_length_dict": {
                "\u5468\u56f4\u5355\u4f4d\u5217\u8868": 0, 
                "\u5f53\u524d\u7279\u6548": 0
            }
        }
    }, 
    "trigger_dict": {
        "1714618370": {
            "action": [
                {
                    "action_type": "SET_VARIABLE", 
                    "args_list": [
                        {
                            "arg_type": 100030, 
                            "args_list": [
                                [
                                    "UNIT_GROUP", 
                                    "\u5468\u56f4\u5355\u4f4d\u5217\u8868", 
                                    "local"
                                ]
                            ], 
                            "sub_type": 1
                        }, 
                        {
                            "arg_type": 100026, 
                            "args_list": [
                                {
                                    "arg_type": 100004, 
                                    "args_list": [
                                        {
                                            "arg_type": 100006, 
                                            "args_list": [], 
                                            "sub_type": "ABILITY_OWNER"
                                        }
                                    ], 
                                    "sub_type": "UNIT_ENTITY_POINT"
                                }, 
                                {
                                    "arg_type": 100211, 
                                    "args_list": [
                                        {
                                            "arg_type": 100000, 
                                            "args_list": [
                                                800.0
                                            ], 
                                            "sub_type": 1
                                        }
                                    ], 
                                    "sub_type": "CONST_CIRCULAR_SHAPE"
                                }
                            ], 
                            "op_arg": [
                                {
                                    "arg_type": 100025, 
                                    "args_list": [
                                        1
                                    ], 
                                    "sub_type": 1
                                }, 
                                null, 
                                null, 
                                null, 
                                null, 
                                null, 
                                null, 
                                null, 
                                null, 
                                null, 
                                null, 
                                {
                                    "arg_type": 100001, 
                                    "args_list": [
                                        true
                                    ], 
                                    "sub_type": 1
                                }, 
                                null, 
                                null
                            ], 
                            "op_arg_enable": [
                                true, 
                                false, 
                                false, 
                                false, 
                                false, 
                                false, 
                                false, 
                                false, 
                                false, 
                                false, 
                                false, 
                                false, 
                                false, 
                                false
                            ], 
                            "sub_type": "UNIT_LIST_IN_SHAPE"
                        }
                    ], 
                    "bp": false, 
                    "element_id": 1714618370000213, 
                    "enable": true
                }, 
                {
                    "action_type": "CREATE_PROJECTILE_NEW", 
                    "args_list": [
                        {
                            "arg_type": 100062, 
                            "args_list": [
                                134243899
                            ], 
                            "sub_type": 1
                        }, 
                        {
                            "arg_type": 100004, 
                            "args_list": [
                                {
                                    "arg_type": 100006, 
                                    "args_list": [], 
                                    "sub_type": "ABILITY_OWNER"
                                }
                            ], 
                            "sub_type": "UNIT_ENTITY_POINT"
                        }, 
                        {
                            "arg_type": 100006, 
                            "args_list": [], 
                            "sub_type": "NONE_UNIT"
                        }
                    ], 
                    "bp": false, 
                    "element_id": 1714618370000382, 
                    "enable": true, 
                    "op_arg": [
                        null, 
                        null, 
                        null, 
                        null, 
                        null, 
                        {
                            "arg_type": 100001, 
                            "args_list": [
                                true
                            ], 
                            "sub_type": 1
                        }
                    ], 
                    "op_arg_enable": [
                        false, 
                        false, 
                        false, 
                        false, 
                        false, 
                        false
                    ]
                }, 
                {
                    "action_type": "PLAY_SOUND_FOR_PLAYER", 
                    "args_list": [
                        {
                            "arg_type": 100025, 
                            "args_list": [], 
                            "sub_type": "GET_CLIENT_ROLE"
                        }, 
                        {
                            "arg_type": 100084, 
                            "args_list": [
                                134266538
                            ], 
                            "sub_type": 1
                        }, 
                        {
                            "arg_type": 100001, 
                            "args_list": [
                                false
                            ], 
                            "sub_type": 1
                        }
                    ], 
                    "bp": false, 
                    "element_id": 1714618370000361, 
                    "enable": true, 
                    "op_arg": [
                        null, 
                        null
                    ], 
                    "op_arg_enable": [
                        false, 
                        false
                    ]
                }, 
                {
                    "action_type": "PICK_UNIT_DO_ACTION", 
                    "args_list": [
                        {
                            "arg_type": 100026, 
                            "args_list": [
                                [
                                    "UNIT_GROUP", 
                                    "\u5468\u56f4\u5355\u4f4d\u5217\u8868", 
                                    "local"
                                ]
                            ], 
                            "sub_type": 14
                        }, 
                        {
                            "arg_type": 100022, 
                            "args_list": [
                                {
                                    "action_type": "IF_THEN_ELSE", 
                                    "args_list": [
                                        {
                                            "arg_type": 100021, 
                                            "args_list": [
                                                {
                                                    "args_list": [
                                                        {
                                                            "arg_type": 100006, 
                                                            "args_list": [], 
                                                            "sub_type": "FOR_EACH_SELECTED_UNIT"
                                                        }, 
                                                        {
                                                            "arg_type": 100035, 
                                                            "args_list": [
                                                                "!="
                                                            ], 
                                                            "sub_type": 1
                                                        }, 
                                                        {
                                                            "arg_type": 100006, 
                                                            "args_list": [
                                                                [
                                                                    "UNIT_ENTITY", 
                                                                    "\u73a9\u5bb6\u5355\u4f4d"
                                                                ]
                                                            ], 
                                                            "sub_type": 11
                                                        }
                                                    ], 
                                                    "condition_type": "UNIT_COMPARE", 
                                                    "element_id": 1714618370000352, 
                                                    "enable": true
                                                }
                                            ], 
                                            "sub_type": 1
                                        }, 
                                        {
                                            "arg_type": 100022, 
                                            "args_list": [
                                                {
                                                    "action_type": "SET_VARIABLE", 
                                                    "args_list": [
                                                        {
                                                            "arg_type": 100148, 
                                                            "args_list": [
                                                                [
                                                                    "SFX_ENTITY", 
                                                                    "\u5f53\u524d\u7279\u6548", 
                                                                    "local"
                                                                ]
                                                            ], 
                                                            "sub_type": 4
                                                        }, 
                                                        {
                                                            "arg_type": 100148, 
                                                            "args_list": [
                                                                {
                                                                    "arg_type": 100066, 
                                                                    "args_list": [
                                                                        100978
                                                                    ], 
                                                                    "sub_type": 1
                                                                }, 
                                                                {
                                                                    "arg_type": 100006, 
                                                                    "args_list": [], 
                                                                    "sub_type": "FOR_EACH_SELECTED_UNIT"
                                                                }, 
                                                                {
                                                                    "arg_type": 100003, 
                                                                    "args_list": [
                                                                        "origin"
                                                                    ], 
                                                                    "sub_type": 1
                                                                }, 
                                                                {
                                                                    "arg_type": 500220, 
                                                                    "args_list": [
                                                                        2
                                                                    ], 
                                                                    "sub_type": 1
                                                                }, 
                                                                {
                                                                    "arg_type": 100001, 
                                                                    "args_list": [
                                                                        true
                                                                    ], 
                                                                    "sub_type": 1
                                                                }
                                                            ], 
                                                            "op_arg": [
                                                                null, 
                                                                null, 
                                                                null, 
                                                                {
                                                                    "arg_type": 100001, 
                                                                    "args_list": [
                                                                        true
                                                                    ], 
                                                                    "sub_type": 1
                                                                }
                                                            ], 
                                                            "op_arg_enable": [
                                                                false, 
                                                                false, 
                                                                false, 
                                                                false
                                                            ], 
                                                            "sub_type": "CREATE_SFX_ON_UNIT_NEW"
                                                        }
                                                    ], 
                                                    "bp": false, 
                                                    "element_id": 1714618370000487, 
                                                    "enable": true
                                                }, 
                                                {
                                                    "action_type": "ADD_ATTR", 
                                                    "args_list": [
                                                        {
                                                            "arg_type": 100006, 
                                                            "args_list": [], 
                                                            "sub_type": "FOR_EACH_SELECTED_UNIT"
                                                        }, 
                                                        {
                                                            "arg_type": 100300, 
                                                            "args_list": [
                                                                "ATTR_BASE"
                                                            ], 
                                                            "sub_type": 1
                                                        }, 
                                                        {
                                                            "arg_type": 100042, 
                                                            "args_list": [
                                                                "attack_phy"
                                                            ], 
                                                            "sub_type": 1
                                                        }, 
                                                        {
                                                            "arg_type": 100000, 
                                                            "args_list": [
                                                                100.0
                                                            ], 
                                                            "sub_type": 1
                                                        }
                                                    ], 
                                                    "bp": false, 
                                                    "element_id": 1714618370000581, 
                                                    "enable": true
                                                }, 
                                                {
                                                    "action_type": "ADD_ATTR", 
                                                    "args_list": [
                                                        {
                                                            "arg_type": 100006, 
                                                            "args_list": [], 
                                                            "sub_type": "FOR_EACH_SELECTED_UNIT"
                                                        }, 
                                                        {
                                                            "arg_type": 100300, 
                                                            "args_list": [
                                                                "ATTR_BASE"
                                                            ], 
                                                            "sub_type": 1
                                                        }, 
                                                        {
                                                            "arg_type": 100042, 
                                                            "args_list": [
                                                                "ori_speed"
                                                            ], 
                                                            "sub_type": 1
                                                        }, 
                                                        {
                                                            "arg_type": 100000, 
                                                            "args_list": [
                                                                100.0
                                                            ], 
                                                            "sub_type": 1
                                                        }
                                                    ], 
                                                    "bp": false, 
                                                    "element_id": 1714618370000592, 
                                                    "enable": true
                                                }, 
                                                {
                                                    "action_type": "START_GHOST", 
                                                    "args_list": [
                                                        {
                                                            "arg_type": 100006, 
                                                            "args_list": [], 
                                                            "sub_type": "FOR_EACH_SELECTED_UNIT"
                                                        }
                                                    ], 
                                                    "bp": false, 
                                                    "element_id": 1714618370000604, 
                                                    "enable": true, 
                                                    "op_arg": [
                                                        null, 
                                                        null, 
                                                        null, 
                                                        {
                                                            "arg_type": 100000, 
                                                            "args_list": [
                                                                90.0
                                                            ], 
                                                            "sub_type": 1
                                                        }, 
                                                        {
                                                            "arg_type": 100000, 
                                                            "args_list": [
                                                                0.4
                                                            ], 
                                                            "sub_type": 1
                                                        }, 
                                                        null, 
                                                        null, 
                                                        null, 
                                                        {
                                                            "arg_type": 100001, 
                                                            "args_list": [
                                                                true
                                                            ], 
                                                            "sub_type": 1
                                                        }
                                                    ], 
                                                    "op_arg_enable": [
                                                        false, 
                                                        false, 
                                                        false, 
                                                        true, 
                                                        true, 
                                                        false, 
                                                        false, 
                                                        false, 
                                                        false
                                                    ]
                                                }
                                            ], 
                                            "sub_type": 1
                                        }, 
                                        {
                                            "arg_type": 100022, 
                                            "args_list": [], 
                                            "sub_type": 1
                                        }
                                    ], 
                                    "bp": false, 
                                    "element_id": 1714618370000343, 
                                    "enable": true, 
                                    "fake_op": []
                                }
                            ], 
                            "sub_type": 1
                        }
                    ], 
                    "bp": false, 
                    "element_id": 1714618370000228, 
                    "enable": true
                }
            ], 
            "call_enabled": true, 
            "condition": [], 
            "enabled": true, 
            "event": [
                {
                    "args_list": [], 
                    "element_id": 1714618370000002, 
                    "enable": true, 
                    "event_type": "ABILITY_SP_END"
                }
            ], 
            "group_id": 134245316, 
            "p_trigger_id": null, 
            "trigger_id": 1714618370, 
            "trigger_name": "\u65b0\u5efa\u89e6\u53d1\u5668_2", 
            "valid": true
        }
    }, 
    "trigger_group_info": [
        {
            "_trigger_group_": true, 
            "group": [
                [
                    1714618370, 
                    "\u65b0\u5efa\u89e6\u53d1\u5668_2"
                ]
            ], 
            "key": 134245316, 
            "name": "134245316"
        }
    ], 
    "trigger_version": "1.2", 
    "variable_dict": {}, 
    "variable_group_info": [], 
    "variable_length_dict": {}
}