{
    "local_variable": {}, 
    "trigger_dict": {
        "1102516226": {
            "action": [
                {
                    "action_type": "CREATE_SFX_ON_POINT", 
                    "args_list": [
                        {
                            "arg_type": 100066, 
                            "args_list": [
                                102944
                            ], 
                            "sub_type": 1
                        }, 
                        {
                            "arg_type": 100004, 
                            "args_list": [
                                {
                                    "arg_type": 100014, 
                                    "args_list": [], 
                                    "sub_type": "CUR_ABILITY"
                                }
                            ], 
                            "sub_type": "ABILITY_RELEASE_POSITION"
                        }
                    ], 
                    "bp": false, 
                    "element_id": 393031681810083, 
                    "enable": true, 
                    "op_arg": [
                        null, 
                        null, 
                        null, 
                        null, 
                        null
                    ], 
                    "op_arg_enable": [
                        false, 
                        false, 
                        false, 
                        false, 
                        false
                    ]
                }, 
                {
                    "action_type": "PICK_UNIT_DO_ACTION", 
                    "args_list": [
                        {
                            "arg_type": 100026, 
                            "args_list": [
                                {
                                    "arg_type": 100004, 
                                    "args_list": [
                                        {
                                            "arg_type": 100014, 
                                            "args_list": [], 
                                            "sub_type": "CUR_ABILITY"
                                        }
                                    ], 
                                    "sub_type": "ABILITY_RELEASE_POSITION"
                                }, 
                                {
                                    "arg_type": 100211, 
                                    "args_list": [
                                        {
                                            "arg_type": 100000, 
                                            "args_list": [
                                                500.0
                                            ], 
                                            "sub_type": 1
                                        }
                                    ], 
                                    "sub_type": "CONST_CIRCULAR_SHAPE"
                                }
                            ], 
                            "op_arg": [
                                null, 
                                null, 
                                null, 
                                null, 
                                null, 
                                null, 
                                {
                                    "arg_type": 100116, 
                                    "args_list": [
                                        134262137
                                    ], 
                                    "sub_type": 1
                                }, 
                                null, 
                                null, 
                                {
                                    "arg_type": 100075, 
                                    "args_list": [
                                        512
                                    ], 
                                    "sub_type": 1
                                }, 
                                null, 
                                null, 
                                null, 
                                null
                            ], 
                            "op_arg_enable": [
                                false, 
                                false, 
                                false, 
                                false, 
                                false, 
                                false, 
                                false, 
                                false, 
                                false, 
                                false, 
                                false, 
                                false, 
                                false, 
                                false
                            ], 
                            "sub_type": "UNIT_LIST_IN_SHAPE"
                        }, 
                        {
                            "arg_type": 100022, 
                            "args_list": [
                                {
                                    "action_type": "ADD_MODIFIER", 
                                    "args_list": [
                                        {
                                            "arg_type": 100006, 
                                            "args_list": [], 
                                            "sub_type": "FOR_EACH_SELECTED_UNIT"
                                        }, 
                                        {
                                            "arg_type": 100046, 
                                            "args_list": [
                                                134237918
                                            ], 
                                            "sub_type": 1
                                        }
                                    ], 
                                    "bp": false, 
                                    "element_id": 393031681810151, 
                                    "enable": true, 
                                    "op_arg": [
                                        null, 
                                        null, 
                                        {
                                            "arg_type": 100000, 
                                            "args_list": [
                                                20.0
                                            ], 
                                            "sub_type": 1
                                        }, 
                                        null, 
                                        null
                                    ], 
                                    "op_arg_enable": [
                                        false, 
                                        false, 
                                        true, 
                                        false, 
                                        false
                                    ]
                                }, 
                                {
                                    "action_type": "IF_THEN_ELSE", 
                                    "args_list": [
                                        {
                                            "arg_type": 100021, 
                                            "args_list": [
                                                {
                                                    "args_list": [
                                                        {
                                                            "arg_type": 100021, 
                                                            "args_list": [
                                                                {
                                                                    "args_list": [
                                                                        {
                                                                            "arg_type": 100116, 
                                                                            "args_list": [
                                                                                {
                                                                                    "arg_type": 100006, 
                                                                                    "args_list": [], 
                                                                                    "sub_type": "FOR_EACH_SELECTED_UNIT"
                                                                                }
                                                                            ], 
                                                                            "sub_type": "GET_UNIT_KEY_OF_UNIT"
                                                                        }, 
                                                                        {
                                                                            "arg_type": 100035, 
                                                                            "args_list": [
                                                                                "=="
                                                                            ], 
                                                                            "sub_type": 1
                                                                        }, 
                                                                        {
                                                                            "arg_type": 100116, 
                                                                            "args_list": [
                                                                                134223306
                                                                            ], 
                                                                            "sub_type": 1
                                                                        }
                                                                    ], 
                                                                    "condition_type": "UNIT_CLASS_COMPARE", 
                                                                    "element_id": 393031681810066, 
                                                                    "enable": true
                                                                }, 
                                                                {
                                                                    "args_list": [
                                                                        {
                                                                            "arg_type": 100116, 
                                                                            "args_list": [
                                                                                {
                                                                                    "arg_type": 100006, 
                                                                                    "args_list": [], 
                                                                                    "sub_type": "FOR_EACH_SELECTED_UNIT"
                                                                                }
                                                                            ], 
                                                                            "sub_type": "GET_UNIT_KEY_OF_UNIT"
                                                                        }, 
                                                                        {
                                                                            "arg_type": 100035, 
                                                                            "args_list": [
                                                                                "=="
                                                                            ], 
                                                                            "sub_type": 1
                                                                        }, 
                                                                        {
                                                                            "arg_type": 100116, 
                                                                            "args_list": [
                                                                                134238061
                                                                            ], 
                                                                            "sub_type": 1
                                                                        }
                                                                    ], 
                                                                    "condition_type": "UNIT_CLASS_COMPARE", 
                                                                    "element_id": 393031681810093, 
                                                                    "enable": true
                                                                }, 
                                                                {
                                                                    "args_list": [
                                                                        {
                                                                            "arg_type": 100116, 
                                                                            "args_list": [
                                                                                {
                                                                                    "arg_type": 100006, 
                                                                                    "args_list": [], 
                                                                                    "sub_type": "FOR_EACH_SELECTED_UNIT"
                                                                                }
                                                                            ], 
                                                                            "sub_type": "GET_UNIT_KEY_OF_UNIT"
                                                                        }, 
                                                                        {
                                                                            "arg_type": 100035, 
                                                                            "args_list": [
                                                                                "=="
                                                                            ], 
                                                                            "sub_type": 1
                                                                        }, 
                                                                        {
                                                                            "arg_type": 100116, 
                                                                            "args_list": [
                                                                                134218577
                                                                            ], 
                                                                            "sub_type": 1
                                                                        }
                                                                    ], 
                                                                    "condition_type": "UNIT_CLASS_COMPARE", 
                                                                    "element_id": 3930316810027, 
                                                                    "enable": true
                                                                }, 
                                                                {
                                                                    "args_list": [
                                                                        {
                                                                            "arg_type": 100116, 
                                                                            "args_list": [
                                                                                {
                                                                                    "arg_type": 100006, 
                                                                                    "args_list": [], 
                                                                                    "sub_type": "FOR_EACH_SELECTED_UNIT"
                                                                                }
                                                                            ], 
                                                                            "sub_type": "GET_UNIT_KEY_OF_UNIT"
                                                                        }, 
                                                                        {
                                                                            "arg_type": 100035, 
                                                                            "args_list": [
                                                                                "=="
                                                                            ], 
                                                                            "sub_type": 1
                                                                        }, 
                                                                        {
                                                                            "arg_type": 100116, 
                                                                            "args_list": [
                                                                                134225875
                                                                            ], 
                                                                            "sub_type": 1
                                                                        }
                                                                    ], 
                                                                    "condition_type": "UNIT_CLASS_COMPARE", 
                                                                    "element_id": 393031681810099, 
                                                                    "enable": true
                                                                }, 
                                                                {
                                                                    "args_list": [
                                                                        {
                                                                            "arg_type": 100116, 
                                                                            "args_list": [
                                                                                {
                                                                                    "arg_type": 100006, 
                                                                                    "args_list": [], 
                                                                                    "sub_type": "FOR_EACH_SELECTED_UNIT"
                                                                                }
                                                                            ], 
                                                                            "sub_type": "GET_UNIT_KEY_OF_UNIT"
                                                                        }, 
                                                                        {
                                                                            "arg_type": 100035, 
                                                                            "args_list": [
                                                                                "=="
                                                                            ], 
                                                                            "sub_type": 1
                                                                        }, 
                                                                        {
                                                                            "arg_type": 100116, 
                                                                            "args_list": [
                                                                                134261711
                                                                            ], 
                                                                            "sub_type": 1
                                                                        }
                                                                    ], 
                                                                    "condition_type": "UNIT_CLASS_COMPARE", 
                                                                    "element_id": 393031681810085, 
                                                                    "enable": true
                                                                }, 
                                                                {
                                                                    "args_list": [
                                                                        {
                                                                            "arg_type": 100021, 
                                                                            "args_list": [
                                                                                {
                                                                                    "args_list": [
                                                                                        {
                                                                                            "arg_type": 100010, 
                                                                                            "args_list": [
                                                                                                {
                                                                                                    "arg_type": 100006, 
                                                                                                    "args_list": [], 
                                                                                                    "sub_type": "FOR_EACH_SELECTED_UNIT"
                                                                                                }
                                                                                            ], 
                                                                                            "sub_type": "GET_UNIT_TYPE"
                                                                                        }, 
                                                                                        {
                                                                                            "arg_type": 100035, 
                                                                                            "args_list": [
                                                                                                "=="
                                                                                            ], 
                                                                                            "sub_type": 1
                                                                                        }, 
                                                                                        {
                                                                                            "arg_type": 100010, 
                                                                                            "args_list": [
                                                                                                1
                                                                                            ], 
                                                                                            "sub_type": 1
                                                                                        }
                                                                                    ], 
                                                                                    "condition_type": "UNIT_TYPE_COMPARE", 
                                                                                    "element_id": 393031681810108, 
                                                                                    "enable": true
                                                                                }, 
                                                                                {
                                                                                    "args_list": [
                                                                                        {
                                                                                            "arg_type": 100006, 
                                                                                            "args_list": [], 
                                                                                            "sub_type": "FOR_EACH_SELECTED_UNIT"
                                                                                        }, 
                                                                                        {
                                                                                            "arg_type": 100075, 
                                                                                            "args_list": [
                                                                                                512
                                                                                            ], 
                                                                                            "sub_type": 1
                                                                                        }
                                                                                    ], 
                                                                                    "condition_type": "HAS_BUFF_STATUS", 
                                                                                    "element_id": 393031681810111, 
                                                                                    "enable": true
                                                                                }
                                                                            ], 
                                                                            "sub_type": 1
                                                                        }
                                                                    ], 
                                                                    "condition_type": "AND", 
                                                                    "element_id": 393031681810114, 
                                                                    "enable": true
                                                                }
                                                            ], 
                                                            "sub_type": 1
                                                        }
                                                    ], 
                                                    "condition_type": "OR", 
                                                    "element_id": 11025162260006, 
                                                    "enable": true
                                                }
                                            ], 
                                            "sub_type": 1
                                        }, 
                                        {
                                            "arg_type": 100022, 
                                            "args_list": [
                                                {
                                                    "action_type": "IF_THEN_ELSE", 
                                                    "args_list": [
                                                        {
                                                            "arg_type": 100021, 
                                                            "args_list": [
                                                                {
                                                                    "args_list": [
                                                                        {
                                                                            "arg_type": 100006, 
                                                                            "args_list": [], 
                                                                            "sub_type": "FOR_EACH_SELECTED_UNIT"
                                                                        }, 
                                                                        {
                                                                            "arg_type": 100006, 
                                                                            "args_list": [], 
                                                                            "sub_type": "ABILITY_OWNER"
                                                                        }
                                                                    ], 
                                                                    "condition_type": "IS_ENEMY", 
                                                                    "element_id": 11025162260008, 
                                                                    "enable": true
                                                                }
                                                            ], 
                                                            "sub_type": 1
                                                        }, 
                                                        {
                                                            "arg_type": 100022, 
                                                            "args_list": [
                                                                {
                                                                    "action_type": "REMOVE_STATE", 
                                                                    "args_list": [
                                                                        {
                                                                            "arg_type": 100006, 
                                                                            "args_list": [], 
                                                                            "sub_type": "FOR_EACH_SELECTED_UNIT"
                                                                        }, 
                                                                        {
                                                                            "arg_type": 100075, 
                                                                            "args_list": [
                                                                                512
                                                                            ], 
                                                                            "sub_type": 1
                                                                        }
                                                                    ], 
                                                                    "bp": false, 
                                                                    "element_id": 11025162260010, 
                                                                    "enable": true
                                                                }, 
                                                                {
                                                                    "action_type": "REMOVE_STATE", 
                                                                    "args_list": [
                                                                        {
                                                                            "arg_type": 100006, 
                                                                            "args_list": [], 
                                                                            "sub_type": "FOR_EACH_SELECTED_UNIT"
                                                                        }, 
                                                                        {
                                                                            "arg_type": 100075, 
                                                                            "args_list": [
                                                                                8192
                                                                            ], 
                                                                            "sub_type": 1
                                                                        }
                                                                    ], 
                                                                    "bp": false, 
                                                                    "element_id": 11025162260011, 
                                                                    "enable": true
                                                                }, 
                                                                {
                                                                    "action_type": "IF_THEN_ELSE", 
                                                                    "args_list": [
                                                                        {
                                                                            "arg_type": 100021, 
                                                                            "args_list": [
                                                                                {
                                                                                    "args_list": [
                                                                                        {
                                                                                            "arg_type": 100021, 
                                                                                            "args_list": [
                                                                                                {
                                                                                                    "args_list": [
                                                                                                        {
                                                                                                            "arg_type": 100116, 
                                                                                                            "args_list": [
                                                                                                                {
                                                                                                                    "arg_type": 100006, 
                                                                                                                    "args_list": [], 
                                                                                                                    "sub_type": "FOR_EACH_SELECTED_UNIT"
                                                                                                                }
                                                                                                            ], 
                                                                                                            "sub_type": "GET_UNIT_KEY_OF_UNIT"
                                                                                                        }, 
                                                                                                        {
                                                                                                            "arg_type": 100035, 
                                                                                                            "args_list": [
                                                                                                                "=="
                                                                                                            ], 
                                                                                                            "sub_type": 1
                                                                                                        }, 
                                                                                                        {
                                                                                                            "arg_type": 100116, 
                                                                                                            "args_list": [
                                                                                                                134225875
                                                                                                            ], 
                                                                                                            "sub_type": 1
                                                                                                        }
                                                                                                    ], 
                                                                                                    "condition_type": "UNIT_CLASS_COMPARE", 
                                                                                                    "element_id": 1102516226810177, 
                                                                                                    "enable": true
                                                                                                }, 
                                                                                                {
                                                                                                    "args_list": [
                                                                                                        {
                                                                                                            "arg_type": 100116, 
                                                                                                            "args_list": [
                                                                                                                {
                                                                                                                    "arg_type": 100006, 
                                                                                                                    "args_list": [], 
                                                                                                                    "sub_type": "FOR_EACH_SELECTED_UNIT"
                                                                                                                }
                                                                                                            ], 
                                                                                                            "sub_type": "GET_UNIT_KEY_OF_UNIT"
                                                                                                        }, 
                                                                                                        {
                                                                                                            "arg_type": 100035, 
                                                                                                            "args_list": [
                                                                                                                "=="
                                                                                                            ], 
                                                                                                            "sub_type": 1
                                                                                                        }, 
                                                                                                        {
                                                                                                            "arg_type": 100116, 
                                                                                                            "args_list": [
                                                                                                                134218577
                                                                                                            ], 
                                                                                                            "sub_type": 1
                                                                                                        }
                                                                                                    ], 
                                                                                                    "condition_type": "UNIT_CLASS_COMPARE", 
                                                                                                    "element_id": 1102516226810172, 
                                                                                                    "enable": true
                                                                                                }
                                                                                            ], 
                                                                                            "sub_type": 1
                                                                                        }
                                                                                    ], 
                                                                                    "condition_type": "OR", 
                                                                                    "element_id": 1102516226810205, 
                                                                                    "enable": true
                                                                                }
                                                                            ], 
                                                                            "sub_type": 1
                                                                        }, 
                                                                        {
                                                                            "arg_type": 100022, 
                                                                            "args_list": [
                                                                                {
                                                                                    "action_type": "SET_UNIT_BLOOD_BAR_TYPE", 
                                                                                    "args_list": [
                                                                                        {
                                                                                            "arg_type": 100006, 
                                                                                            "args_list": [], 
                                                                                            "sub_type": "FOR_EACH_SELECTED_UNIT"
                                                                                        }, 
                                                                                        {
                                                                                            "arg_type": 100223, 
                                                                                            "args_list": [
                                                                                                327682
                                                                                            ], 
                                                                                            "sub_type": 1
                                                                                        }
                                                                                    ], 
                                                                                    "bp": false, 
                                                                                    "element_id": 1102516226810209, 
                                                                                    "enable": true
                                                                                }
                                                                            ], 
                                                                            "sub_type": 1
                                                                        }, 
                                                                        {
                                                                            "arg_type": 100022, 
                                                                            "args_list": [], 
                                                                            "sub_type": 1
                                                                        }
                                                                    ], 
                                                                    "bp": false, 
                                                                    "element_id": 1102516226810165, 
                                                                    "enable": true, 
                                                                    "fake_op": [
                                                                        2
                                                                    ]
                                                                }, 
                                                                {
                                                                    "action_type": "IF_THEN_ELSE", 
                                                                    "args_list": [
                                                                        {
                                                                            "arg_type": 100021, 
                                                                            "args_list": [
                                                                                {
                                                                                    "args_list": [
                                                                                        {
                                                                                            "arg_type": 100010, 
                                                                                            "args_list": [
                                                                                                {
                                                                                                    "arg_type": 100006, 
                                                                                                    "args_list": [], 
                                                                                                    "sub_type": "FOR_EACH_SELECTED_UNIT"
                                                                                                }
                                                                                            ], 
                                                                                            "sub_type": "GET_UNIT_TYPE"
                                                                                        }, 
                                                                                        {
                                                                                            "arg_type": 100035, 
                                                                                            "args_list": [
                                                                                                "!="
                                                                                            ], 
                                                                                            "sub_type": 1
                                                                                        }, 
                                                                                        {
                                                                                            "arg_type": 100010, 
                                                                                            "args_list": [
                                                                                                1
                                                                                            ], 
                                                                                            "sub_type": 1
                                                                                        }
                                                                                    ], 
                                                                                    "condition_type": "UNIT_TYPE_COMPARE", 
                                                                                    "element_id": 1102516226810142, 
                                                                                    "enable": true
                                                                                }, 
                                                                                {
                                                                                    "args_list": [
                                                                                        {
                                                                                            "arg_type": 100116, 
                                                                                            "args_list": [
                                                                                                {
                                                                                                    "arg_type": 100006, 
                                                                                                    "args_list": [], 
                                                                                                    "sub_type": "FOR_EACH_SELECTED_UNIT"
                                                                                                }
                                                                                            ], 
                                                                                            "sub_type": "GET_UNIT_KEY_OF_UNIT"
                                                                                        }, 
                                                                                        {
                                                                                            "arg_type": 100035, 
                                                                                            "args_list": [
                                                                                                "!="
                                                                                            ], 
                                                                                            "sub_type": 1
                                                                                        }, 
                                                                                        {
                                                                                            "arg_type": 100116, 
                                                                                            "args_list": [
                                                                                                134218577
                                                                                            ], 
                                                                                            "sub_type": 1
                                                                                        }
                                                                                    ], 
                                                                                    "condition_type": "UNIT_CLASS_COMPARE", 
                                                                                    "element_id": 1102516226810153, 
                                                                                    "enable": true
                                                                                }, 
                                                                                {
                                                                                    "args_list": [
                                                                                        {
                                                                                            "arg_type": 100116, 
                                                                                            "args_list": [
                                                                                                {
                                                                                                    "arg_type": 100006, 
                                                                                                    "args_list": [], 
                                                                                                    "sub_type": "FOR_EACH_SELECTED_UNIT"
                                                                                                }
                                                                                            ], 
                                                                                            "sub_type": "GET_UNIT_KEY_OF_UNIT"
                                                                                        }, 
                                                                                        {
                                                                                            "arg_type": 100035, 
                                                                                            "args_list": [
                                                                                                "!="
                                                                                            ], 
                                                                                            "sub_type": 1
                                                                                        }, 
                                                                                        {
                                                                                            "arg_type": 100116, 
                                                                                            "args_list": [
                                                                                                134225875
                                                                                            ], 
                                                                                            "sub_type": 1
                                                                                        }
                                                                                    ], 
                                                                                    "condition_type": "UNIT_CLASS_COMPARE", 
                                                                                    "element_id": 1102516226810159, 
                                                                                    "enable": true
                                                                                }
                                                                            ], 
                                                                            "sub_type": 1
                                                                        }, 
                                                                        {
                                                                            "arg_type": 100022, 
                                                                            "args_list": [
                                                                                {
                                                                                    "action_type": "RUN_ONCE_TIMER_NO_SAVE", 
                                                                                    "args_list": [
                                                                                        {
                                                                                            "arg_type": 100000, 
                                                                                            "args_list": [
                                                                                                20.0
                                                                                            ], 
                                                                                            "sub_type": 1
                                                                                        }, 
                                                                                        {
                                                                                            "arg_type": 100022, 
                                                                                            "args_list": [
                                                                                                {
                                                                                                    "action_type": "IF_THEN_ELSE", 
                                                                                                    "args_list": [
                                                                                                        {
                                                                                                            "arg_type": 100021, 
                                                                                                            "args_list": [
                                                                                                                {
                                                                                                                    "args_list": [
                                                                                                                        {
                                                                                                                            "arg_type": 100006, 
                                                                                                                            "args_list": [], 
                                                                                                                            "sub_type": "FOR_EACH_SELECTED_UNIT"
                                                                                                                        }
                                                                                                                    ], 
                                                                                                                    "condition_type": "IS_UNIT_ALIVE", 
                                                                                                                    "element_id": 1102516226810129, 
                                                                                                                    "enable": true
                                                                                                                }
                                                                                                            ], 
                                                                                                            "sub_type": 1
                                                                                                        }, 
                                                                                                        {
                                                                                                            "arg_type": 100022, 
                                                                                                            "args_list": [
                                                                                                                {
                                                                                                                    "action_type": "ADD_STATE", 
                                                                                                                    "args_list": [
                                                                                                                        {
                                                                                                                            "arg_type": 100006, 
                                                                                                                            "args_list": [], 
                                                                                                                            "sub_type": "FOR_EACH_SELECTED_UNIT"
                                                                                                                        }, 
                                                                                                                        {
                                                                                                                            "arg_type": 100075, 
                                                                                                                            "args_list": [
                                                                                                                                512
                                                                                                                            ], 
                                                                                                                            "sub_type": 1
                                                                                                                        }
                                                                                                                    ], 
                                                                                                                    "bp": false, 
                                                                                                                    "element_id": 393031681810120, 
                                                                                                                    "enable": true
                                                                                                                }
                                                                                                            ], 
                                                                                                            "sub_type": 1
                                                                                                        }, 
                                                                                                        {
                                                                                                            "arg_type": 100022, 
                                                                                                            "args_list": [], 
                                                                                                            "sub_type": 1
                                                                                                        }
                                                                                                    ], 
                                                                                                    "bp": false, 
                                                                                                    "element_id": 1102516226810123, 
                                                                                                    "enable": true, 
                                                                                                    "fake_op": [
                                                                                                        2
                                                                                                    ]
                                                                                                }
                                                                                            ], 
                                                                                            "sub_type": 1
                                                                                        }
                                                                                    ], 
                                                                                    "bp": false, 
                                                                                    "element_id": 393031681810117, 
                                                                                    "enable": true, 
                                                                                    "local_var": [
                                                                                        {}, 
                                                                                        {}
                                                                                    ]
                                                                                }
                                                                            ], 
                                                                            "sub_type": 1
                                                                        }, 
                                                                        {
                                                                            "arg_type": 100022, 
                                                                            "args_list": [], 
                                                                            "sub_type": 1
                                                                        }
                                                                    ], 
                                                                    "bp": false, 
                                                                    "element_id": 1102516226810135, 
                                                                    "enable": true, 
                                                                    "fake_op": [
                                                                        2
                                                                    ]
                                                                }
                                                            ], 
                                                            "sub_type": 1
                                                        }, 
                                                        {
                                                            "arg_type": 100022, 
                                                            "args_list": [], 
                                                            "sub_type": 1
                                                        }
                                                    ], 
                                                    "bp": false, 
                                                    "element_id": 11025162260012, 
                                                    "enable": true, 
                                                    "fake_op": [
                                                        2
                                                    ]
                                                }
                                            ], 
                                            "sub_type": 1
                                        }, 
                                        {
                                            "arg_type": 100022, 
                                            "args_list": [], 
                                            "sub_type": 1
                                        }
                                    ], 
                                    "bp": false, 
                                    "element_id": 11025162260013, 
                                    "enable": true, 
                                    "fake_op": [
                                        2
                                    ]
                                }
                            ], 
                            "sub_type": 1
                        }
                    ], 
                    "bp": false, 
                    "element_id": 11025162260014, 
                    "enable": true
                }
            ], 
            "call_enabled": true, 
            "condition": [], 
            "enabled": true, 
            "event": [
                {
                    "args_list": [], 
                    "element_id": 11025162260001, 
                    "enable": true, 
                    "event_type": "ABILITY_SP_END"
                }
            ], 
            "group_id": 134219675, 
            "p_trigger_id": null, 
            "trigger_id": 1102516226, 
            "trigger_name": "\u65b0\u5efa\u89e6\u53d1\u5668", 
            "valid": false
        }, 
        "1276837890": {
            "action": [
                {
                    "action_type": "SET_ABILITY_CD", 
                    "args_list": [
                        {
                            "arg_type": 100014, 
                            "args_list": [], 
                            "sub_type": "CUR_ABILITY"
                        }, 
                        {
                            "arg_type": 100000, 
                            "args_list": [
                                240.0
                            ], 
                            "sub_type": 1
                        }
                    ], 
                    "bp": false, 
                    "element_id": 1888870401990021, 
                    "enable": true
                }
            ], 
            "call_enabled": true, 
            "condition": [], 
            "enabled": true, 
            "event": [
                {
                    "args_list": [], 
                    "element_id": 1276837890000001, 
                    "enable": true, 
                    "event_type": "ABILITY_CST_END"
                }
            ], 
            "group_id": 134219675, 
            "p_trigger_id": null, 
            "trigger_id": 1276837890, 
            "trigger_name": "\u65b0\u5efa\u89e6\u53d1\u5668_3", 
            "valid": true
        }
    }, 
    "trigger_group_info": [
        {
            "_trigger_group_": true, 
            "group": [
                [
                    1102516226, 
                    "\u65b0\u5efa\u89e6\u53d1\u5668"
                ], 
                [
                    1276837890, 
                    "\u65b0\u5efa\u89e6\u53d1\u5668_3"
                ]
            ], 
            "key": 134219675, 
            "name": "134219675"
        }
    ], 
    "trigger_version": "1.2", 
    "variable_dict": {}, 
    "variable_group_info": [], 
    "variable_length_dict": {}
}