{
    "local_variable": {}, 
    "trigger_dict": {
        "423120898": {
            "action": [
                {
                    "action_type": "REMOVE_BUFF_INS", 
                    "args_list": [
                        {
                            "arg_type": 100076, 
                            "args_list": [
                                [
                                    "MODIFIER_ENTITY", 
                                    "modifier", 
                                    "actor"
                                ], 
                                null
                            ], 
                            "sub_type": 11
                        }
                    ], 
                    "bp": false, 
                    "element_id": 4231208980008, 
                    "enable": true
                }
            ], 
            "call_enabled": true, 
            "condition": [], 
            "enabled": true, 
            "event": [
                {
                    "args_list": [], 
                    "element_id": 4231208980002, 
                    "enable": true, 
                    "event_type": "ABILITY_LOSE"
                }
            ], 
            "group_id": 134267902, 
            "p_trigger_id": null, 
            "trigger_id": 423120898, 
            "trigger_name": "\u65b0\u5efa\u89e6\u53d1\u5668_2", 
            "valid": true
        }, 
        "993546241": {
            "action": [
                {
                    "action_type": "SET_VARIABLE", 
                    "args_list": [
                        {
                            "arg_type": 100076, 
                            "args_list": [
                                [
                                    "MODIFIER_ENTITY", 
                                    "modifier", 
                                    "actor"
                                ], 
                                null
                            ], 
                            "sub_type": 11
                        }, 
                        {
                            "arg_type": 100076, 
                            "args_list": [
                                {
                                    "arg_type": 100006, 
                                    "args_list": [], 
                                    "sub_type": "ABILITY_OWNER"
                                }, 
                                {
                                    "arg_type": 100046, 
                                    "args_list": [
                                        134242417
                                    ], 
                                    "sub_type": 1
                                }
                            ], 
                            "op_arg": [
                                {
                                    "arg_type": 100006, 
                                    "args_list": [], 
                                    "sub_type": "ABILITY_OWNER"
                                }, 
                                {
                                    "arg_type": 100014, 
                                    "args_list": [], 
                                    "sub_type": "CUR_ABILITY"
                                }, 
                                null, 
                                null, 
                                null
                            ], 
                            "op_arg_enable": [
                                true, 
                                true, 
                                false, 
                                false, 
                                false
                            ], 
                            "sub_type": "ADD_MODIFIER"
                        }
                    ], 
                    "bp": false, 
                    "element_id": 9935462410004, 
                    "enable": true
                }
            ], 
            "call_enabled": true, 
            "condition": [], 
            "enabled": true, 
            "event": [
                {
                    "args_list": [], 
                    "element_id": 9935462410001, 
                    "enable": true, 
                    "event_type": "ABILITY_OBTAIN"
                }
            ], 
            "group_id": 134267902, 
            "p_trigger_id": null, 
            "trigger_id": 993546241, 
            "trigger_name": "\u65b0\u5efa\u89e6\u53d1\u5668", 
            "valid": false
        }
    }, 
    "trigger_group_info": [
        {
            "_trigger_group_": true, 
            "group": [
                [
                    423120898, 
                    "\u65b0\u5efa\u89e6\u53d1\u5668_2"
                ], 
                [
                    993546241, 
                    "\u65b0\u5efa\u89e6\u53d1\u5668"
                ]
            ], 
            "key": 134267902, 
            "name": "134267902"
        }
    ], 
    "trigger_version": "1.2", 
    "variable_dict": {
        "MODIFIER_ENTITY": {
            "modifier": 0
        }
    }, 
    "variable_group_info": [
        [
            "modifier", 
            "(modifier)"
        ]
    ], 
    "variable_length_dict": {
        "modifier": 0
    }
}