{
    "local_variable": {
        "1820372995": {
            "variable_dict": {
                "INTEGER": {
                    "i": 0
                }, 
                "PROJECTILE_ENTITY": {
                    "ammo": 0
                }
            }, 
            "variable_length_dict": {
                "ammo": 0, 
                "i": 0
            }
        }
    }, 
    "trigger_dict": {
        "526213122": {
            "action": [
                {
                    "action_type": "PLAY_ANIMATION", 
                    "args_list": [
                        {
                            "arg_type": 100006, 
                            "args_list": [], 
                            "sub_type": "ABILITY_OWNER"
                        }, 
                        {
                            "arg_type": 100003, 
                            "args_list": [
                                "ability_2"
                            ], 
                            "sub_type": 1
                        }, 
                        {
                            "arg_type": 100000, 
                            "args_list": [
                                1.0
                            ], 
                            "sub_type": 1
                        }, 
                        {
                            "arg_type": 100000, 
                            "args_list": [
                                0.0
                            ], 
                            "sub_type": 1
                        }, 
                        {
                            "arg_type": 100000, 
                            "args_list": [
                                -1.0
                            ], 
                            "sub_type": 1
                        }, 
                        {
                            "arg_type": 100001, 
                            "args_list": [
                                false
                            ], 
                            "sub_type": 1
                        }, 
                        {
                            "arg_type": 100001, 
                            "args_list": [
                                true
                            ], 
                            "sub_type": 1
                        }
                    ], 
                    "bp": false, 
                    "element_id": 12751953930015, 
                    "enable": true
                }
            ], 
            "call_enabled": true, 
            "condition": [], 
            "enabled": true, 
            "event": [
                {
                    "args_list": [], 
                    "element_id": 5262131220002, 
                    "enable": true, 
                    "event_type": "ABILITY_PS_START"
                }
            ], 
            "group_id": 134218528, 
            "p_trigger_id": null, 
            "trigger_id": 526213122, 
            "trigger_name": "\u65b0\u5efa\u89e6\u53d1\u5668_2", 
            "valid": true
        }, 
        "1820372995": {
            "action": [
                {
                    "action_type": "SET_VARIABLE", 
                    "args_list": [
                        {
                            "arg_type": 100077, 
                            "args_list": [
                                [
                                    "PROJECTILE_ENTITY", 
                                    "ammo", 
                                    "local"
                                ], 
                                null
                            ], 
                            "sub_type": "VARIABLE"
                        }, 
                        {
                            "arg_type": 100077, 
                            "args_list": [
                                {
                                    "arg_type": 100062, 
                                    "args_list": [
                                        134246158
                                    ], 
                                    "sub_type": 1
                                }, 
                                {
                                    "arg_type": 100006, 
                                    "args_list": [], 
                                    "sub_type": "ABILITY_OWNER"
                                }, 
                                {
                                    "arg_type": 100003, 
                                    "args_list": [
                                        "right_weapon"
                                    ], 
                                    "sub_type": 1
                                }, 
                                {
                                    "arg_type": 100225, 
                                    "args_list": [
                                        0.0
                                    ], 
                                    "sub_type": 1
                                }, 
                                {
                                    "arg_type": 100006, 
                                    "args_list": [], 
                                    "sub_type": "ABILITY_OWNER"
                                }, 
                                {
                                    "arg_type": 100014, 
                                    "args_list": [], 
                                    "sub_type": "CUR_ABILITY"
                                }
                            ], 
                            "op_arg": [
                                null, 
                                null, 
                                null
                            ], 
                            "op_arg_enable": [
                                false, 
                                false, 
                                false
                            ], 
                            "sub_type": "CREATE_PROJECTILE_ON_SOCKET"
                        }
                    ], 
                    "bp": false, 
                    "element_id": 1820372995000002, 
                    "enable": true
                }, 
                {
                    "action_type": "SET_VARIABLE", 
                    "args_list": [
                        {
                            "arg_type": 100030, 
                            "args_list": [
                                [
                                    "UNIT_ENTITY", 
                                    "\u76ee\u6807\u5355\u4f4d", 
                                    "actor"
                                ]
                            ], 
                            "sub_type": 1
                        }, 
                        {
                            "arg_type": 100006, 
                            "args_list": [
                                {
                                    "arg_type": 100014, 
                                    "args_list": [], 
                                    "sub_type": "CUR_ABILITY"
                                }
                            ], 
                            "sub_type": "TARGET_UNIT_IN_ABILITY"
                        }
                    ], 
                    "bp": false, 
                    "element_id": 1820372995000003, 
                    "enable": true
                }, 
                {
                    "action_type": "CREATE_CHASING_MOVER", 
                    "args_list": [
                        {
                            "arg_type": 100077, 
                            "args_list": [
                                [
                                    "PROJECTILE_ENTITY", 
                                    "ammo", 
                                    "local"
                                ], 
                                null
                            ], 
                            "sub_type": "VARIABLE"
                        }, 
                        {
                            "arg_type": 100006, 
                            "args_list": [
                                [
                                    "UNIT_ENTITY", 
                                    "\u76ee\u6807\u5355\u4f4d", 
                                    "actor"
                                ], 
                                null
                            ], 
                            "sub_type": 11
                        }, 
                        {
                            "arg_type": 100000, 
                            "args_list": [
                                50.0
                            ], 
                            "sub_type": 1
                        }, 
                        {
                            "arg_type": 100000, 
                            "args_list": [
                                2300.0
                            ], 
                            "sub_type": 1
                        }, 
                        {
                            "arg_type": 100000, 
                            "args_list": [
                                0
                            ], 
                            "sub_type": 1
                        }, 
                        {
                            "arg_type": 100022, 
                            "args_list": [
                                {
                                    "action_type": "ADD_MODIFIER", 
                                    "args_list": [
                                        {
                                            "arg_type": 100006, 
                                            "args_list": [
                                                {
                                                    "arg_type": 100014, 
                                                    "args_list": [], 
                                                    "sub_type": "CUR_ABILITY"
                                                }
                                            ], 
                                            "sub_type": "TARGET_UNIT_IN_ABILITY"
                                        }, 
                                        {
                                            "arg_type": 100046, 
                                            "args_list": [
                                                134272179
                                            ], 
                                            "sub_type": 1
                                        }
                                    ], 
                                    "bp": false, 
                                    "element_id": 1820372995000004, 
                                    "enable": true, 
                                    "op_arg": [
                                        {
                                            "arg_type": 100006, 
                                            "args_list": [], 
                                            "sub_type": "ABILITY_OWNER"
                                        }, 
                                        {
                                            "arg_type": 100014, 
                                            "args_list": [], 
                                            "sub_type": "CUR_ABILITY"
                                        }, 
                                        {
                                            "arg_type": 100000, 
                                            "args_list": [
                                                {
                                                    "arg_type": 100014, 
                                                    "args_list": [], 
                                                    "sub_type": "CUR_ABILITY"
                                                }, 
                                                {
                                                    "arg_type": 100003, 
                                                    "args_list": [
                                                        "silence_time"
                                                    ], 
                                                    "sub_type": 1
                                                }
                                            ], 
                                            "sub_type": "GET_FLOAT_KV"
                                        }, 
                                        null, 
                                        null
                                    ], 
                                    "op_arg_enable": [
                                        true, 
                                        true, 
                                        true, 
                                        false, 
                                        false
                                    ]
                                }, 
                                {
                                    "action_type": "APPLY_DAMAGE", 
                                    "args_list": [
                                        {
                                            "arg_type": 100006, 
                                            "args_list": [], 
                                            "sub_type": "ABILITY_OWNER"
                                        }, 
                                        {
                                            "arg_type": 100014, 
                                            "args_list": [], 
                                            "sub_type": "CUR_ABILITY"
                                        }, 
                                        {
                                            "arg_type": 100006, 
                                            "args_list": [
                                                [
                                                    "UNIT_ENTITY", 
                                                    "\u76ee\u6807\u5355\u4f4d", 
                                                    "actor"
                                                ], 
                                                null
                                            ], 
                                            "sub_type": 11
                                        }, 
                                        {
                                            "arg_type": 100064, 
                                            "args_list": [
                                                1
                                            ], 
                                            "sub_type": 1
                                        }, 
                                        {
                                            "arg_type": 100000, 
                                            "args_list": [
                                                {
                                                    "arg_type": 100014, 
                                                    "args_list": [], 
                                                    "sub_type": "CUR_ABILITY"
                                                }, 
                                                {
                                                    "arg_type": 100003, 
                                                    "args_list": [
                                                        "damage"
                                                    ], 
                                                    "sub_type": 1
                                                }
                                            ], 
                                            "sub_type": "GET_FLOAT_KV"
                                        }, 
                                        {
                                            "arg_type": 100001, 
                                            "args_list": [
                                                true
                                            ], 
                                            "sub_type": 1
                                        }
                                    ], 
                                    "bp": false, 
                                    "element_id": 1820372995000005, 
                                    "enable": true, 
                                    "op_arg": [
                                        {
                                            "arg_type": 100001, 
                                            "args_list": [
                                                true
                                            ], 
                                            "sub_type": 1
                                        }, 
                                        {
                                            "arg_type": 100001, 
                                            "args_list": [
                                                true
                                            ], 
                                            "sub_type": 1
                                        }, 
                                        {
                                            "arg_type": 100001, 
                                            "args_list": [
                                                true
                                            ], 
                                            "sub_type": 1
                                        }, 
                                        null, 
                                        null, 
                                        null
                                    ], 
                                    "op_arg_enable": [
                                        false, 
                                        false, 
                                        false, 
                                        false, 
                                        false, 
                                        false
                                    ]
                                }
                            ], 
                            "sub_type": 1
                        }, 
                        {
                            "arg_type": 100022, 
                            "args_list": [], 
                            "sub_type": 1
                        }, 
                        {
                            "arg_type": 100022, 
                            "args_list": [
                                {
                                    "action_type": "PROJECTILE_DELETE", 
                                    "args_list": [
                                        {
                                            "arg_type": 100077, 
                                            "args_list": [
                                                [
                                                    "PROJECTILE_ENTITY", 
                                                    "ammo", 
                                                    "local"
                                                ], 
                                                null
                                            ], 
                                            "sub_type": "VARIABLE"
                                        }
                                    ], 
                                    "bp": false, 
                                    "element_id": 1820372995000014, 
                                    "enable": true, 
                                    "op_arg": [
                                        {
                                            "arg_type": 100001, 
                                            "args_list": [
                                                true
                                            ], 
                                            "sub_type": 1
                                        }
                                    ], 
                                    "op_arg_enable": [
                                        false
                                    ]
                                }
                            ], 
                            "sub_type": 1
                        }, 
                        {
                            "arg_type": 100022, 
                            "args_list": [], 
                            "sub_type": 1
                        }, 
                        {
                            "arg_type": 100022, 
                            "args_list": [], 
                            "sub_type": 1
                        }
                    ], 
                    "bp": false, 
                    "element_id": 1820372995000015, 
                    "enable": true, 
                    "fake_op": [
                        7
                    ], 
                    "local_var": [
                        {}, 
                        {}
                    ], 
                    "op_arg": [
                        null, 
                        null, 
                        null, 
                        null, 
                        null, 
                        null, 
                        null, 
                        null, 
                        null, 
                        null, 
                        null, 
                        null, 
                        null, 
                        null, 
                        null, 
                        null, 
                        null, 
                        null, 
                        null
                    ], 
                    "op_arg_enable": [
                        false, 
                        false, 
                        false, 
                        false, 
                        false, 
                        false, 
                        false, 
                        false, 
                        false, 
                        false, 
                        false, 
                        false, 
                        false, 
                        false, 
                        false, 
                        false, 
                        false, 
                        false, 
                        false
                    ]
                }, 
                {
                    "action_type": "UNIT_RELEASE_COMMAND", 
                    "args_list": [
                        {
                            "arg_type": 100006, 
                            "args_list": [], 
                            "sub_type": "ABILITY_OWNER"
                        }, 
                        {
                            "arg_type": 100216, 
                            "args_list": [
                                {
                                    "arg_type": 100004, 
                                    "args_list": [
                                        {
                                            "arg_type": 100006, 
                                            "args_list": [], 
                                            "sub_type": "ABILITY_OWNER"
                                        }
                                    ], 
                                    "sub_type": "UNIT_ENTITY_POINT"
                                }
                            ], 
                            "sub_type": "UNIT_COMMAND_HOLD"
                        }
                    ], 
                    "bp": false, 
                    "element_id": 1820372995000124, 
                    "enable": true
                }
            ], 
            "call_enabled": true, 
            "condition": [], 
            "enabled": true, 
            "event": [
                {
                    "args_list": [], 
                    "element_id": 1820372995000001, 
                    "enable": true, 
                    "event_type": "ABILITY_SP_END"
                }
            ], 
            "group_id": 134218528, 
            "p_trigger_id": null, 
            "trigger_id": 1820372995, 
            "trigger_name": "\u65b0\u5efa\u89e6\u53d1\u5668", 
            "valid": false
        }
    }, 
    "trigger_group_info": [
        {
            "_trigger_group_": true, 
            "group": [
                [
                    526213122, 
                    "\u65b0\u5efa\u89e6\u53d1\u5668_2"
                ], 
                [
                    1820372995, 
                    "\u65b0\u5efa\u89e6\u53d1\u5668"
                ]
            ], 
            "key": 134218528, 
            "name": "134218528"
        }
    ], 
    "trigger_version": "1.2", 
    "variable_dict": {
        "DYNAMIC_TRIGGER_INSTANCE": {
            "hero_dmg_count": 0, 
            "unit_dmg_count": 0
        }, 
        "FLOAT": {
            "recover_num": 0.0, 
            "total_hero_dmg": 0.0, 
            "total_unit_dmg": 0.0, 
            "\u989d\u5916\u8303\u56f4": 0.0
        }, 
        "LINK_SFX_ENTITY": {
            "le": 0
        }, 
        "NEW_TIMER": {}, 
        "SFX_ENTITY": {
            "tail": 0
        }, 
        "UNIT_ENTITY": {
            "\u76ee\u6807": 0, 
            "\u76ee\u6807\u5355\u4f4d": 0
        }
    }, 
    "variable_group_info": [
        [
            "\u76ee\u6807\u5355\u4f4d", 
            "(\u76ee\u6807\u5355\u4f4d)"
        ], 
        [
            "le", 
            "(le)"
        ], 
        [
            "tail", 
            "(tail)"
        ], 
        [
            "\u989d\u5916\u8303\u56f4", 
            "\u989d\u5916\u8303\u56f4"
        ], 
        [
            "\u76ee\u6807", 
            "\u76ee\u6807"
        ], 
        [
            "total_hero_dmg", 
            "total_hero_dmg"
        ], 
        [
            "total_unit_dmg", 
            "total_unit_dmg"
        ], 
        [
            "recover_num", 
            "recover_num"
        ], 
        [
            "hero_dmg_count", 
            "hero_dmg_count"
        ], 
        [
            "unit_dmg_count", 
            "unit_dmg_count"
        ]
    ], 
    "variable_length_dict": {
        "hero_dmg_count": 0, 
        "le": 0, 
        "recover_num": 0, 
        "tail": 0, 
        "total_hero_dmg": 0, 
        "total_unit_dmg": 0, 
        "unit_dmg_count": 0, 
        "\u76ee\u6807": 0, 
        "\u76ee\u6807\u5355\u4f4d": 0, 
        "\u989d\u5916\u8303\u56f4": 0
    }
}