{
    "color_grading": {
        "color_grading_type": 1
    }, 
    "env_time_of_day": {
        "time_of_day_template": 300003
    }, 
    "fog": {
        "height_fog": false, 
        "height_fog_color": {
            "__tuple__": true, 
            "items": [
                252, 
                218, 
                124, 
                1
            ]
        }, 
        "height_fog_end": 0.0, 
        "height_fog_fall_off": 10.0
    }, 
    "fog_war": {
        "fog_war_put_gray_color": {
            "__tuple__": true, 
            "items": [
                0, 
                0, 
                0, 
                1
            ]
        }, 
        "fog_war_put_gray_noise_enable": true
    }, 
    "post_style": {
        "post_style_shader_params": {
            "1": {
                "DepthScale": 3.0, 
                "LineColor": {
                    "__tuple__": true, 
                    "items": [
                        0.05, 
                        0.03, 
                        0.03
                    ]
                }, 
                "PixelIntensity": 2.0
            }, 
            "4": {
                "DepthScale": 1.0, 
                "LineColor": {
                    "__tuple__": true, 
                    "items": [
                        0.05, 
                        0.05, 
                        0.05
                    ]
                }, 
                "TotalControl": 1.0
            }
        }, 
        "post_style_type": 0
    }, 
    "sky_box": {
        "sky_box_type": 100001
    }, 
    "terrain": {
        "terrain_version": 2, 
        "water_materials": [
            {
                "color": {
                    "__tuple__": true, 
                    "items": [
                        0.051, 
                        0.123, 
                        0.341
                    ]
                }, 
                "custom_color": true, 
                "flow_direction": 90.0, 
                "flow_perturbation": 0.5, 
                "flow_speed": 0.3, 
                "mat_id": 1, 
                "name": "\u6c34", 
                "original": true
            }, 
            {
                "color": {
                    "__tuple__": true, 
                    "items": [
                        0.947, 
                        0.117, 
                        0.007
                    ]
                }, 
                "custom_color": true, 
                "flow_direction": 0.0, 
                "flow_perturbation": 0.3, 
                "flow_speed": 0.2, 
                "mat_id": 2, 
                "name": "\u5ca9\u6d46", 
                "original": true
            }
        ]
    }, 
    "vignetting": {
        "vignetting_change_range": 0.0, 
        "vignetting_open": true, 
        "vignetting_size": 0.3
    }
}