{
    "local_variable": {
        "76861449": {
            "variable_dict": {
                "INTEGER": {
                    "inputX": 0, 
                    "inputY": 0, 
                    "playerid": 0, 
                    "\u73a9\u5bb6ID": 0
                }
            }, 
            "variable_length_dict": {
                "inputX": 0, 
                "inputY": 0, 
                "playerid": 0, 
                "\u73a9\u5bb6ID": 0
            }
        }, 
        "95678466": {
            "variable_dict": {
                "INTEGER": {
                    "i": 0, 
                    "\u51fa\u751f\u70b9\u6570\u91cf": 0, 
                    "\u751f\u6210\u6b21\u6570": 0
                }, 
                "NEW_TIMER": {}, 
                "UNIT_ENTITY": {
                    "\u866b\u65cf": 0
                }, 
                "UNIT_NAME": {
                    "\u5f53\u524d\u521b\u5efa\u5355\u4f4d\u7c7b\u578b": 0
                }
            }, 
            "variable_length_dict": {
                "i": 0, 
                "\u51fa\u751f\u70b9\u6570\u91cf": 0, 
                "\u5f53\u524d\u521b\u5efa\u5355\u4f4d\u7c7b\u578b": 0, 
                "\u751f\u6210\u6b21\u6570": 0, 
                "\u866b\u65cf": 0
            }
        }, 
        "98828315": {
            "variable_dict": {
                "INTEGER": {
                    "\u8fdc\u7a0b\u5c0f\u5175\u5360\u636e\u91cf": 0
                }
            }, 
            "variable_length_dict": {
                "\u8fdc\u7a0b\u5c0f\u5175\u5360\u636e\u91cf": 0
            }
        }, 
        "115601432": {
            "variable_dict": {
                "INTEGER": {
                    "\u8fd1\u6218\u5c0f\u5175\u5360\u636e\u91cf": 0
                }
            }, 
            "variable_length_dict": {
                "\u8fd1\u6218\u5c0f\u5175\u5360\u636e\u91cf": 0
            }
        }, 
        "132395040": {
            "variable_dict": {
                "FLOAT": {}
            }, 
            "variable_length_dict": {}
        }, 
        "141389828": {
            "variable_dict": {
                "FLOAT": {}
            }, 
            "variable_length_dict": {}
        }, 
        "164937748": {
            "variable_dict": {
                "INTEGER": {
                    "Player ID": 0
                }
            }, 
            "variable_length_dict": {
                "Player ID": 0
            }
        }, 
        "283377694": {
            "variable_dict": {
                "INTEGER": {
                    "\u91cd\u7532\u5175\u5360\u636e\u91cf": 0
                }
            }, 
            "variable_length_dict": {
                "\u91cd\u7532\u5175\u5360\u636e\u91cf": 0
            }
        }, 
        "350486559": {
            "variable_dict": {
                "INTEGER": {
                    "\u91cd\u7532\u5175\u5360\u636e\u91cf": 0
                }
            }, 
            "variable_length_dict": {
                "\u91cd\u7532\u5175\u5360\u636e\u91cf": 0
            }
        }, 
        "406356018": {
            "variable_dict": {
                "INTEGER": {
                    "\u5f53\u524d\u56fe\u9274ID": 0
                }
            }, 
            "variable_length_dict": {
                "\u5f53\u524d\u56fe\u9274ID": 0
            }
        }, 
        "442155048": {
            "variable_dict": {
                "INTEGER": {
                    "\u9009\u53d6\u7684\u6280\u80fdid": 0
                }
            }, 
            "variable_length_dict": {
                "\u9009\u53d6\u7684\u6280\u80fdid": 0
            }
        }, 
        "451731489": {
            "variable_dict": {
                "FLOAT": {
                    "\u8d2d\u4e70\u57ce\u9632\u7b49\u7ea7\u82b1\u8d39": 0.0
                }
            }, 
            "variable_length_dict": {
                "\u8d2d\u4e70\u57ce\u9632\u7b49\u7ea7\u82b1\u8d39": 0
            }
        }, 
        "472748079": {
            "variable_dict": {
                "FLOAT": {
                    "\u5269\u4f59\u8840\u91cf\u767e\u5206\u6bd4": 0.0, 
                    "\u57fa\u5730\u5269\u4f59\u8840\u91cf\u767e\u5206\u6bd4": 0.0, 
                    "\u57fa\u5730\u5f53\u524d\u8840\u91cf": 0.0, 
                    "\u57fa\u5730\u6700\u5927\u8840\u91cf": 0.0, 
                    "\u5f53\u524d\u8840\u91cf": 0.0, 
                    "\u6700\u5927\u8840\u91cf": 0.0
                }
            }, 
            "variable_length_dict": {
                "\u5269\u4f59\u8840\u91cf\u767e\u5206\u6bd4": 0, 
                "\u57fa\u5730\u5269\u4f59\u8840\u91cf\u767e\u5206\u6bd4": 0, 
                "\u57fa\u5730\u5f53\u524d\u8840\u91cf": 0, 
                "\u57fa\u5730\u6700\u5927\u8840\u91cf": 0, 
                "\u5f53\u524d\u8840\u91cf": 0, 
                "\u6700\u5927\u8840\u91cf": 0
            }
        }, 
        "592527371": {
            "variable_dict": {
                "INTEGER": {
                    "\u97f3\u6548\u7f16\u53f7": 0
                }, 
                "UNIT_ENTITY": {
                    "\u53d7\u51fb\u5355\u4f4d": 0
                }
            }, 
            "variable_length_dict": {
                "\u53d7\u51fb\u5355\u4f4d": 0, 
                "\u97f3\u6548\u7f16\u53f7": 0
            }
        }, 
        "617717770": {
            "variable_dict": {
                "ANGLE": {
                    "angle": 0.0
                }, 
                "INTEGER": {
                    "X": 0, 
                    "Y": 0
                }, 
                "NEW_TIMER": {}, 
                "STRING": {
                    "str": ""
                }
            }, 
            "variable_length_dict": {
                "X": 0, 
                "Y": 0, 
                "angle": 0, 
                "str": 0
            }
        }, 
        "959578115": {
            "variable_dict": {
                "INTEGER": {
                    "i": 0, 
                    "\u4eba\u65cf\u968f\u673a\u51fa\u751f\u70b9": 0
                }, 
                "UNIT_ENTITY": {
                    "\u8be5\u5175\u79cd\u5355\u4f4d": 0
                }
            }, 
            "variable_length_dict": {
                "i": 0, 
                "\u4eba\u65cf\u968f\u673a\u51fa\u751f\u70b9": 0, 
                "\u8be5\u5175\u79cd\u5355\u4f4d": 0
            }
        }, 
        "971239450": {
            "variable_dict": {
                "INTEGER": {
                    "\u8fdc\u7a0b\u5c0f\u5175\u5360\u636e\u91cf": 0
                }
            }, 
            "variable_length_dict": {
                "\u8fdc\u7a0b\u5c0f\u5175\u5360\u636e\u91cf": 0
            }
        }, 
        "1009160207": {
            "variable_dict": {
                "FLOAT": {
                    "\u5149\u7167\u8303\u56f4": 0.0, 
                    "\u67aa\u53e3\u5149\u7167\u5f3a\u5ea6": 0.0
                }, 
                "POINT_LIGHT": {
                    "\u67aa\u53e3\u5149\u7167": 0
                }, 
                "UNIT_ENTITY": {
                    "\u5149\u7167\u4ea7\u751f\u5355\u4f4d\u6240\u5728\u70b9": 0
                }
            }, 
            "variable_length_dict": {
                "\u5149\u7167\u4ea7\u751f\u5355\u4f4d\u6240\u5728\u70b9": 0, 
                "\u5149\u7167\u8303\u56f4": 0, 
                "\u67aa\u53e3\u5149\u7167": 0, 
                "\u67aa\u53e3\u5149\u7167\u5f3a\u5ea6": 0
            }
        }, 
        "1191780382": {
            "variable_dict": {
                "BOOLEAN": {
                    "\u5904\u4e8e\u63a7\u4ef6\u5185": false
                }, 
                "FLOAT": {
                    "\u9f20\u6807x": 0.0, 
                    "\u9f20\u6807y": 0.0
                }, 
                "NEW_TIMER": {}
            }, 
            "variable_length_dict": {
                "\u5904\u4e8e\u63a7\u4ef6\u5185": 0, 
                "\u9f20\u6807x": 0, 
                "\u9f20\u6807y": 0
            }
        }, 
        "1441005597": {
            "variable_dict": {
                "INTEGER": {
                    "\u6218\u8f66\u5360\u636e\u91cf": 0
                }
            }, 
            "variable_length_dict": {
                "\u6218\u8f66\u5360\u636e\u91cf": 0
            }
        }, 
        "1522368531": {
            "variable_dict": {
                "ANGLE": {
                    "Degrees": 0.0
                }, 
                "FLOAT": {
                    "Distance": 0.0
                }, 
                "INTEGER": {
                    "Player ID": 0, 
                    "x": 0, 
                    "y": 0
                }, 
                "POINT": {
                    "Aim Point": {
                        "__tuple__": true, 
                        "items": [
                            0, 
                            0, 
                            0
                        ]
                    }
                }
            }, 
            "variable_length_dict": {
                "Aim Point": 0, 
                "Degrees": 0, 
                "Distance": 0, 
                "Player ID": 0, 
                "x": 0, 
                "y": 0
            }
        }, 
        "1563738125": {
            "variable_dict": {
                "POINT": {
                    "\u521b\u5efa\u4f4d\u7f6e": {
                        "__tuple__": true, 
                        "items": [
                            0, 
                            0, 
                            0
                        ]
                    }, 
                    "\u79fb\u52a8\u76ee\u6807\u4f4d\u7f6e": {
                        "__tuple__": true, 
                        "items": [
                            0, 
                            0, 
                            0
                        ]
                    }
                }, 
                "UNIT_ENTITY": {
                    "\u866b\u65cf": 0
                }, 
                "UNIT_NAME": {
                    "\u521b\u5efa\u5bf9\u8c61": 0
                }
            }, 
            "variable_length_dict": {
                "\u521b\u5efa\u4f4d\u7f6e": 0, 
                "\u521b\u5efa\u5bf9\u8c61": 0, 
                "\u79fb\u52a8\u76ee\u6807\u4f4d\u7f6e": 0, 
                "\u866b\u65cf": 0
            }
        }, 
        "1684328462": {
            "variable_dict": {
                "FLOAT": {}
            }, 
            "variable_length_dict": {}
        }, 
        "1726214169": {
            "variable_dict": {
                "INTEGER": {
                    "\u8fd1\u6218\u5c0f\u5175\u5360\u636e\u91cf": 0
                }
            }, 
            "variable_length_dict": {
                "\u8fd1\u6218\u5c0f\u5175\u5360\u636e\u91cf": 0
            }
        }, 
        "1783308300": {
            "variable_dict": {
                "FLOAT": {
                    "\u9f20\u6807x": 0.0, 
                    "\u9f20\u6807y": 0.0
                }, 
                "INTEGER": {}
            }, 
            "variable_length_dict": {
                "\u9f20\u6807x": 0, 
                "\u9f20\u6807y": 0
            }
        }, 
        "1951289383": {
            "variable_dict": {
                "INTEGER": {
                    "\u9009\u53d6\u7684\u6b66\u5668id": 0
                }
            }, 
            "variable_length_dict": {
                "\u9009\u53d6\u7684\u6b66\u5668id": 0
            }
        }, 
        "1961099292": {
            "variable_dict": {
                "INTEGER": {
                    "\u6218\u8f66\u5360\u636e\u91cf": 0
                }
            }, 
            "variable_length_dict": {
                "\u6218\u8f66\u5360\u636e\u91cf": 0
            }
        }
    }, 
    "variable_comments": {}, 
    "variable_dict": {
        "ANGLE": {
            "\u73a9\u5bb6\u79fb\u52a8\u65b9\u5411": 0.0
        }, 
        "AUDIO_KEY": {
            "\u4eba\u65cf\u51fa\u73b0\u97f3\u6548": 0, 
            "\u53d7\u51fb\u58f0\u97f3\u7c7b\u578b": 0, 
            "\u866b\u65cf\u9632\u5fa1\u5854\u653b\u51fb\u97f3\u6548": 0, 
            "\u8718\u86db\u602a\u653b\u51fb": 0
        }, 
        "BOOLEAN": {
            "\u53f3\u952e\u88ab\u6309\u4e0b": false, 
            "\u5de6\u952e\u88ab\u6309\u4e0b": false, 
            "\u6307\u5f15\u8fdb\u884c\u4e2d": true, 
            "\u662f\u5426\u63d0\u793a\u8fc7boss\u533a\u57df": false, 
            "\u662f\u5426\u6b63\u5728\u8d2d\u4e70": false, 
            "\u6e38\u620f\u6b63\u5728\u8fdb\u884c": false, 
            "\u76ee\u524d\u5904\u4e8e\u5175\u79cd\u914d\u7f6e\u9875": true
        }, 
        "FLOAT": {
            "\u8d2d\u4e70\u4eba\u53e3\u82b1\u8d39": 5.0, 
            "\u8d2d\u4e70\u79d1\u6280\u82b1\u8d39": 10.0, 
            "\u91d1\u5e01": 0.0, 
            "\u9632\u5fa1\u5854\u653b\u51fb\u529b": 0.0
        }, 
        "INTEGER": {
            "\u4eba\u53e3\u4e0a\u9650": 0, 
            "\u4eba\u53e3\u6570": 0, 
            "\u4eba\u65cf\u5065\u5eb7\u65f6\u95f4": 0, 
            "\u4eba\u7c7b\u751f\u6210\u6b21\u6570": 0, 
            "\u57ce\u9632\u7b49\u7ea7": 0, 
            "\u5f53\u524d\u56fe\u9274\u7f16\u53f7": 1, 
            "\u5f53\u524d\u6280\u80fdID": 1, 
            "\u5f53\u524d\u6b66\u5668ID": 1, 
            "\u6218\u8f66\u6570\u91cf": 0, 
            "\u73a9\u5bb6x\u65b9\u5411\u68c0\u6d4b": 0, 
            "\u73a9\u5bb6y\u65b9\u5411\u68c0\u6d4b": 0, 
            "\u73a9\u5bb6\u79fb\u52a8\u901f\u5ea6": 0, 
            "\u79d1\u6280\u7b49\u7ea7": 0, 
            "\u866b\u5375\u5269\u4f59\u6570": 3, 
            "\u866b\u65cf\u751f\u6210\u6b21\u6570": 0, 
            "\u8fd1\u6218\u5c0f\u5175\u6570\u91cf": 0, 
            "\u8fdc\u7a0b\u5c0f\u5175\u6570\u91cf": 0, 
            "\u91cd\u7532\u5175\u6570\u91cf": 0
        }, 
        "NEW_TIMER": {}, 
        "PLAYER_GROUP": {}, 
        "RECTANGLE": {
            "\u4eba\u65cf\u5c0f\u5175\u51fa\u751f\u6570\u7ec4": 0, 
            "\u4eba\u65cf\u91cd\u5175\u51fa\u751f\u6570\u7ec4": 0, 
            "\u866b\u65cf\u51fa\u751f\u70b9\u6570\u7ec4": 0
        }, 
        "UNIT_ENTITY": {
            "\u57fa\u5730": 0, 
            "\u73a9\u5bb6\u5355\u4f4d": 0, 
            "\u866b\u65cf\u5375": 0
        }, 
        "UNIT_GROUP": {}, 
        "UNIT_NAME": {}
    }, 
    "variable_group_info": [
        {
            "__tuple__": true, 
            "items": [
                "\u73a9\u5bb6\u5355\u4f4d", 
                "\u73a9\u5bb6\u5355\u4f4d"
            ]
        }, 
        {
            "__tuple__": true, 
            "items": [
                "\u866b\u65cf\u751f\u6210\u6b21\u6570", 
                "\u866b\u65cf\u751f\u6210\u6b21\u6570"
            ]
        }, 
        {
            "__tuple__": true, 
            "items": [
                "\u4eba\u7c7b\u751f\u6210\u6b21\u6570", 
                "\u4eba\u7c7b\u751f\u6210\u6b21\u6570"
            ]
        }, 
        {
            "__tuple__": true, 
            "items": [
                "\u57fa\u5730", 
                "\u57fa\u5730"
            ]
        }, 
        {
            "group": [
                {
                    "__tuple__": true, 
                    "items": [
                        "\u73a9\u5bb6\u79fb\u52a8\u65b9\u5411", 
                        "\u73a9\u5bb6\u79fb\u52a8\u65b9\u5411"
                    ]
                }, 
                {
                    "__tuple__": true, 
                    "items": [
                        "\u73a9\u5bb6x\u65b9\u5411\u68c0\u6d4b", 
                        "\u73a9\u5bb6x\u65b9\u5411\u68c0\u6d4b"
                    ]
                }, 
                {
                    "__tuple__": true, 
                    "items": [
                        "\u73a9\u5bb6y\u65b9\u5411\u68c0\u6d4b", 
                        "\u73a9\u5bb6y\u65b9\u5411\u68c0\u6d4b"
                    ]
                }, 
                {
                    "__tuple__": true, 
                    "items": [
                        "\u73a9\u5bb6\u79fb\u52a8\u901f\u5ea6", 
                        "\u73a9\u5bb6\u79fb\u52a8\u901f\u5ea6"
                    ]
                }
            ], 
            "key": "9SIm8IK9Ee6ig2wkCM0y6A", 
            "name": "\u73a9\u5bb6\u79fb\u52a8"
        }, 
        {
            "group": [
                {
                    "__tuple__": true, 
                    "items": [
                        "\u53d7\u51fb\u58f0\u97f3\u7c7b\u578b", 
                        "\u53d7\u51fb\u58f0\u97f3\u7c7b\u578b"
                    ]
                }
            ], 
            "key": "1tctQI0gEe6BemwkCM0y6O", 
            "name": "\u53d7\u51fb\u6548\u679c"
        }, 
        {
            "__tuple__": true, 
            "items": [
                "\u866b\u65cf\u51fa\u751f\u70b9\u6570\u7ec4", 
                "\u866b\u65cf\u51fa\u751f\u70b9\u6570\u7ec4"
            ]
        }, 
        {
            "group": [
                {
                    "__tuple__": true, 
                    "items": [
                        "\u5de6\u952e\u88ab\u6309\u4e0b", 
                        "\u5de6\u952e\u88ab\u6309\u4e0b"
                    ]
                }, 
                {
                    "__tuple__": true, 
                    "items": [
                        "\u53f3\u952e\u88ab\u6309\u4e0b", 
                        "\u53f3\u952e\u88ab\u6309\u4e0b"
                    ]
                }
            ], 
            "key": "ucHycI3VEe6m1WwkCM0y6C", 
            "name": "\u9f20\u6807\u76d1\u63a7"
        }, 
        {
            "__tuple__": true, 
            "items": [
                "\u662f\u5426\u6b63\u5728\u8d2d\u4e70", 
                "\u662f\u5426\u6b63\u5728\u8d2d\u4e70"
            ]
        }, 
        {
            "group": [
                {
                    "__tuple__": true, 
                    "items": [
                        "\u4eba\u53e3\u4e0a\u9650", 
                        "\u4eba\u53e3\u4e0a\u9650"
                    ]
                }, 
                {
                    "__tuple__": true, 
                    "items": [
                        "\u4eba\u53e3\u6570", 
                        "\u4eba\u53e3\u6570"
                    ]
                }, 
                {
                    "__tuple__": true, 
                    "items": [
                        "\u91d1\u5e01", 
                        "\u91d1\u5e01"
                    ]
                }, 
                {
                    "__tuple__": true, 
                    "items": [
                        "\u8fd1\u6218\u5c0f\u5175\u6570\u91cf", 
                        "\u8fd1\u6218\u5c0f\u5175\u6570\u91cf"
                    ]
                }, 
                {
                    "__tuple__": true, 
                    "items": [
                        "\u8fdc\u7a0b\u5c0f\u5175\u6570\u91cf", 
                        "\u8fdc\u7a0b\u5c0f\u5175\u6570\u91cf"
                    ]
                }, 
                {
                    "__tuple__": true, 
                    "items": [
                        "\u6218\u8f66\u6570\u91cf", 
                        "\u6218\u8f66\u6570\u91cf"
                    ]
                }, 
                {
                    "__tuple__": true, 
                    "items": [
                        "\u91cd\u7532\u5175\u6570\u91cf", 
                        "\u91cd\u7532\u5175\u6570\u91cf"
                    ]
                }, 
                {
                    "__tuple__": true, 
                    "items": [
                        "\u57ce\u9632\u7b49\u7ea7", 
                        "\u57ce\u9632\u7b49\u7ea7"
                    ]
                }, 
                {
                    "__tuple__": true, 
                    "items": [
                        "\u79d1\u6280\u7b49\u7ea7", 
                        "\u79d1\u6280\u7b49\u7ea7"
                    ]
                }, 
                {
                    "__tuple__": true, 
                    "items": [
                        "\u76ee\u524d\u5904\u4e8e\u5175\u79cd\u914d\u7f6e\u9875", 
                        "\u76ee\u524d\u5904\u4e8e\u5175\u79cd\u914d\u7f6e\u9875"
                    ]
                }, 
                {
                    "__tuple__": true, 
                    "items": [
                        "\u5f53\u524d\u6b66\u5668ID", 
                        "\u5f53\u524d\u6b66\u5668ID"
                    ]
                }, 
                {
                    "__tuple__": true, 
                    "items": [
                        "\u5f53\u524d\u6280\u80fdID", 
                        "\u5f53\u524d\u6280\u80fdID"
                    ]
                }
            ], 
            "key": "RBTk4Y5yEe6ZUmwkCM0y6F", 
            "name": "\u73a9\u5bb6\u5c5e\u6027"
        }, 
        {
            "__tuple__": true, 
            "items": [
                "\u6e38\u620f\u6b63\u5728\u8fdb\u884c", 
                "\u6e38\u620f\u6b63\u5728\u8fdb\u884c"
            ]
        }, 
        {
            "group": [
                {
                    "__tuple__": true, 
                    "items": [
                        "\u8718\u86db\u602a\u653b\u51fb", 
                        "\u8718\u86db\u602a\u653b\u51fb"
                    ]
                }, 
                {
                    "__tuple__": true, 
                    "items": [
                        "\u866b\u65cf\u9632\u5fa1\u5854\u653b\u51fb\u97f3\u6548", 
                        "\u866b\u65cf\u9632\u5fa1\u5854\u653b\u51fb\u97f3\u6548"
                    ]
                }
            ], 
            "key": "yc2YYZADEe6R62wkCM0y6B", 
            "name": "\u653b\u51fb\u97f3\u6548"
        }, 
        {
            "__tuple__": true, 
            "items": [
                "\u4eba\u65cf\u51fa\u73b0\u97f3\u6548", 
                "\u4eba\u65cf\u51fa\u73b0\u97f3\u6548"
            ]
        }, 
        {
            "__tuple__": true, 
            "items": [
                "\u4eba\u65cf\u5c0f\u5175\u51fa\u751f\u6570\u7ec4", 
                "\u4eba\u65cf\u5c0f\u5175\u51fa\u751f\u6570\u7ec4"
            ]
        }, 
        {
            "__tuple__": true, 
            "items": [
                "\u4eba\u65cf\u91cd\u5175\u51fa\u751f\u6570\u7ec4", 
                "\u4eba\u65cf\u91cd\u5175\u51fa\u751f\u6570\u7ec4"
            ]
        }, 
        {
            "__tuple__": true, 
            "items": [
                "\u866b\u65cf\u5375", 
                "\u866b\u65cf\u5375"
            ]
        }, 
        {
            "__tuple__": true, 
            "items": [
                "\u866b\u5375\u5269\u4f59\u6570", 
                "\u866b\u5375\u5269\u4f59\u6570"
            ]
        }, 
        {
            "__tuple__": true, 
            "items": [
                "\u9632\u5fa1\u5854\u653b\u51fb\u529b", 
                "\u9632\u5fa1\u5854\u653b\u51fb\u529b"
            ]
        }, 
        {
            "group": [
                {
                    "__tuple__": true, 
                    "items": [
                        "\u8d2d\u4e70\u4eba\u53e3\u82b1\u8d39", 
                        "\u8d2d\u4e70\u4eba\u53e3\u82b1\u8d39"
                    ]
                }, 
                {
                    "__tuple__": true, 
                    "items": [
                        "\u8d2d\u4e70\u79d1\u6280\u82b1\u8d39", 
                        "\u8d2d\u4e70\u79d1\u6280\u82b1\u8d39"
                    ]
                }
            ], 
            "key": "v-5x8JN+Ee6S82wkCM0y6L", 
            "name": "\u8d2d\u4e70\u5c5e\u6027"
        }, 
        {
            "__tuple__": true, 
            "items": [
                "\u6307\u5f15\u8fdb\u884c\u4e2d", 
                "\u6307\u5f15\u8fdb\u884c\u4e2d"
            ]
        }, 
        {
            "__tuple__": true, 
            "items": [
                "\u5f53\u524d\u56fe\u9274\u7f16\u53f7", 
                "\u5f53\u524d\u56fe\u9274\u7f16\u53f7"
            ]
        }, 
        {
            "__tuple__": true, 
            "items": [
                "\u4eba\u65cf\u5065\u5eb7\u65f6\u95f4", 
                "\u4eba\u65cf\u5065\u5eb7\u65f6\u95f4"
            ]
        }, 
        {
            "__tuple__": true, 
            "items": [
                "\u662f\u5426\u63d0\u793a\u8fc7boss\u533a\u57df", 
                "\u662f\u5426\u63d0\u793a\u8fc7boss\u533a\u57df"
            ]
        }
    ], 
    "variable_length_dict": {
        "\u4eba\u53e3\u4e0a\u9650": 0, 
        "\u4eba\u53e3\u6570": 0, 
        "\u4eba\u65cf\u5065\u5eb7\u65f6\u95f4": 0, 
        "\u4eba\u65cf\u51fa\u73b0\u97f3\u6548": 10, 
        "\u4eba\u65cf\u5c0f\u5175\u51fa\u751f\u6570\u7ec4": 10, 
        "\u4eba\u65cf\u91cd\u5175\u51fa\u751f\u6570\u7ec4": 10, 
        "\u4eba\u7c7b\u751f\u6210\u6b21\u6570": 0, 
        "\u53d7\u51fb\u58f0\u97f3\u7c7b\u578b": 10, 
        "\u53f3\u952e\u88ab\u6309\u4e0b": 0, 
        "\u57ce\u9632\u7b49\u7ea7": 0, 
        "\u57fa\u5730": 0, 
        "\u5de6\u952e\u88ab\u6309\u4e0b": 0, 
        "\u5f53\u524d\u56fe\u9274\u7f16\u53f7": 0, 
        "\u5f53\u524d\u6280\u80fdID": 0, 
        "\u5f53\u524d\u6b66\u5668ID": 0, 
        "\u6218\u8f66\u6570\u91cf": 0, 
        "\u6307\u5f15\u8fdb\u884c\u4e2d": 0, 
        "\u662f\u5426\u63d0\u793a\u8fc7boss\u533a\u57df": 0, 
        "\u662f\u5426\u6b63\u5728\u8d2d\u4e70": 0, 
        "\u6e38\u620f\u6b63\u5728\u8fdb\u884c": 0, 
        "\u73a9\u5bb6x\u65b9\u5411\u68c0\u6d4b": 0, 
        "\u73a9\u5bb6y\u65b9\u5411\u68c0\u6d4b": 0, 
        "\u73a9\u5bb6\u5355\u4f4d": 0, 
        "\u73a9\u5bb6\u79fb\u52a8\u65b9\u5411": 0, 
        "\u73a9\u5bb6\u79fb\u52a8\u901f\u5ea6": 0, 
        "\u76ee\u524d\u5904\u4e8e\u5175\u79cd\u914d\u7f6e\u9875": 0, 
        "\u79d1\u6280\u7b49\u7ea7": 0, 
        "\u866b\u5375\u5269\u4f59\u6570": 0, 
        "\u866b\u65cf\u51fa\u751f\u70b9\u6570\u7ec4": 10, 
        "\u866b\u65cf\u5375": 10, 
        "\u866b\u65cf\u751f\u6210\u6b21\u6570": 0, 
        "\u866b\u65cf\u9632\u5fa1\u5854\u653b\u51fb\u97f3\u6548": 10, 
        "\u8718\u86db\u602a\u653b\u51fb": 10, 
        "\u8d2d\u4e70\u4eba\u53e3\u82b1\u8d39": 0, 
        "\u8d2d\u4e70\u79d1\u6280\u82b1\u8d39": 0, 
        "\u8fd1\u6218\u5c0f\u5175\u6570\u91cf": 0, 
        "\u8fdc\u7a0b\u5c0f\u5175\u6570\u91cf": 0, 
        "\u91cd\u7532\u5175\u6570\u91cf": 0, 
        "\u91d1\u5e01": 0, 
        "\u9632\u5fa1\u5854\u653b\u51fb\u529b": 0
    }
}