{
    "cell_data": {
        "0 0": "\u0000\u0000", 
        "0 16": "\u0000\u0000", 
        "0 24": "\u0000\u0000", 
        "0 32": "\u0000\u0000", 
        "0 40": "\u0000\u0000", 
        "0 48": "\u0000\u0000", 
        "0 56": "\u0000\u0000", 
        "0 64": "\u0000\u0000", 
        "0 72": "\u0000\u0000", 
        "0 8": "\u0000\u0000", 
        "0 80": "\u0000\u0000", 
        "0 88": "\u0000\u0014", 
        "16 0": "\u0000\u0000", 
        "16 16": "\u0000\u0000", 
        "16 24": "\u0000\u0000", 
        "16 32": "\u0000\u0000", 
        "16 40": "\u0000\u0000", 
        "16 48": "\u0000\u0000", 
        "16 56": "\u0000\u0000", 
        "16 64": "\u0000\u0000", 
        "16 72": "\u0000\u0000", 
        "16 8": "\u0000\u0000", 
        "16 80": "\u0000\u0000", 
        "16 88": "\u0000\u0014", 
        "32 32": "\u0000\u0014", 
        "32 40": "\u0000\u0014", 
        "32 48": "\u0000\u0014", 
        "40 0": "\u0000\u0000", 
        "40 16": "\u0000\u0000", 
        "40 24": "\u0000\u0000", 
        "40 32": "\u0000\u0000", 
        "40 40": "\u0000\u0000", 
        "40 48": "\u0000\u0014", 
        "40 56": "\u0000\u0014", 
        "40 8": "\u0000\u0000", 
        "48 0": "\u0000\u0000", 
        "48 16": "\u0000\u0000", 
        "48 24": "\u0000\u0000", 
        "48 32": "\u0000\u0000", 
        "48 40": "\u0000\u0000", 
        "48 48": "\u0000\u0000", 
        "48 56": "\u0000\u0000", 
        "48 64": "\u0000\u0000", 
        "48 72": "\u0000\u0000", 
        "48 8": "\u0000\u0000", 
        "48 80": "\u0000\u0000", 
        "48 88": "\u0000\u0000", 
        "56 0": "\u0000\u0000", 
        "56 16": "\u0000\u0000", 
        "56 24": "\u0000\u0000", 
        "56 32": "\u0000\u0000", 
        "56 40": "\u0000\u0000", 
        "56 48": "\u0000\u0000", 
        "56 56": "\u0000\u0000", 
        "56 64": "\u0000\u0000", 
        "56 72": "\u0000\u0000", 
        "56 8": "\u0000\u0000", 
        "56 80": "\u0000\u0000", 
        "56 88": "\u0000\u0000", 
        "64 0": "\u0000\u0000", 
        "64 16": "\u0000\u0000", 
        "64 24": "\u0000\u0000", 
        "64 32": "\u0000\u0000", 
        "64 40": "\u0000\u0000", 
        "64 48": "\u0000\u0000", 
        "64 56": "\u0000\u0000", 
        "64 64": "\u0000\u0000", 
        "64 72": "\u0000\u0000", 
        "64 8": "\u0000\u0000", 
        "64 80": "\u0000\u0000", 
        "64 88": "\u0000\u0000", 
        "72 0": "\u0000\u0000", 
        "72 16": "\u0000\u0000", 
        "72 24": "\u0000\u0000", 
        "72 32": "\u0000\u0000", 
        "72 40": "\u0000\u0000", 
        "72 48": "\u0000\u0014", 
        "72 56": "\u0000\u0014", 
        "72 64": "\u0000\u0014", 
        "72 8": "\u0000\u0000", 
        "8 0": "\u0000\u0000", 
        "8 16": "\u0000\u0000", 
        "8 24": "\u0000\u0000", 
        "8 32": "\u0000\u0000", 
        "8 40": "\u0000\u0000", 
        "8 48": "\u0000\u0000", 
        "8 56": "\u0000\u0000", 
        "8 64": "\u0000\u0000", 
        "8 72": "\u0000\u0000", 
        "8 8": "\u0000\u0000", 
        "8 80": "\u0000\u0000", 
        "8 88": "\u0000\u0014"
    }
}