{
    "2": {
        "anim_name": "\u8d2d\u4e70\u83dc\u5355\u5f39\u51fa", 
        "dt": [
            {
                "dt": [
                    {
                        "dt": {
                            "0": {
                                "val": [
                                    -18.63181296757569, 
                                    50.728155339805824, 
                                    -335.0, 
                                    418.0
                                ]
                            }, 
                            "6": {
                                "val": [
                                    30.47999711525722, 
                                    50.970873786407765, 
                                    548.0, 
                                    420.0
                                ]
                            }, 
                            "8": {
                                "val": [
                                    24.85084639899668, 
                                    50.8495145631068, 
                                    446.0, 
                                    419.0
                                ]
                            }
                        }, 
                        "tp": 1
                    }, 
                    {
                        "dt": {
                            "0": {
                                "val": 1.0
                            }, 
                            "8": {
                                "val": 0.7
                            }
                        }, 
                        "tp": 4
                    }, 
                    {
                        "dt": {
                            "0": {
                                "val": true
                            }
                        }, 
                        "tp": 5
                    }
                ], 
                "enabled": true, 
                "name": "83774154-3f41-4b01-8018-20fc8ca7e000"
            }, 
            {
                "dt": [
                    {
                        "dt": {
                            "0": {
                                "val": [
                                    119.7441591617626, 
                                    57.28155339805825, 
                                    2153.0, 
                                    472.0
                                ]
                            }, 
                            "6": {
                                "val": [
                                    73.29525419669949, 
                                    57.16019417475729, 
                                    1317.0, 
                                    471.0
                                ]
                            }, 
                            "8": {
                                "val": [
                                    77.1042050277472, 
                                    57.16019417475729, 
                                    1386.0, 
                                    471.0
                                ]
                            }
                        }, 
                        "tp": 1
                    }, 
                    {
                        "dt": {
                            "0": {
                                "val": 1.0
                            }, 
                            "8": {
                                "val": 0.7
                            }
                        }, 
                        "tp": 4
                    }, 
                    {
                        "dt": {
                            "0": {
                                "val": true
                            }
                        }, 
                        "tp": 5
                    }
                ], 
                "enabled": true, 
                "name": "e66cb145-911d-4fa0-98ea-ae8118f0e788"
            }, 
            {
                "dt": [
                    {
                        "dt": {
                            "0": {
                                "val": [
                                    50.05208333333333, 
                                    42.129629629629626, 
                                    961.0, 
                                    455.0
                                ]
                            }
                        }, 
                        "tp": 1
                    }, 
                    {
                        "dt": {
                            "0": {
                                "val": {
                                    "__tuple__": true, 
                                    "items": [
                                        1798.000015258789, 
                                        824.0
                                    ]
                                }
                            }
                        }, 
                        "tp": 9
                    }, 
                    {
                        "dt": {
                            "0": {
                                "val": 0
                            }
                        }, 
                        "tp": 3
                    }, 
                    {
                        "dt": {
                            "0": {
                                "val": 1.0
                            }
                        }, 
                        "tp": 4
                    }, 
                    {
                        "dt": {
                            "0": {
                                "val": {
                                    "__tuple__": true, 
                                    "items": [
                                        1, 
                                        1
                                    ]
                                }
                            }
                        }, 
                        "tp": 2
                    }, 
                    {
                        "dt": {
                            "0": {
                                "val": false
                            }, 
                            "1": {
                                "val": true
                            }
                        }, 
                        "tp": 5
                    }
                ], 
                "enabled": true, 
                "name": "90efc235-afcd-42a7-9797-d3727c0e607f"
            }
        ], 
        "event_data": {}, 
        "f_rt": 30, 
        "group": "panel_1", 
        "lp": false, 
        "max_frame": 100
    }, 
    "3": {
        "anim_name": "\u5bf9\u8bdd\u6846\u5f39\u51fa", 
        "dt": [
            {
                "dt": [
                    {
                        "dt": {
                            "0": {
                                "val": [
                                    64.13793103448275, 
                                    22.58064516129032, 
                                    278.0, 
                                    26.0
                                ]
                            }
                        }, 
                        "tp": 1
                    }, 
                    {
                        "dt": {
                            "0": {
                                "val": {
                                    "__tuple__": true, 
                                    "items": [
                                        0.0, 
                                        0.0
                                    ]
                                }
                            }, 
                            "5": {
                                "val": {
                                    "__tuple__": true, 
                                    "items": [
                                        1.1, 
                                        1.1
                                    ]
                                }
                            }, 
                            "7": {
                                "val": {
                                    "__tuple__": true, 
                                    "items": [
                                        0.9, 
                                        0.9
                                    ]
                                }
                            }, 
                            "9": {
                                "val": {
                                    "__tuple__": true, 
                                    "items": [
                                        1.0, 
                                        1.0
                                    ]
                                }
                            }
                        }, 
                        "tp": 2
                    }, 
                    {
                        "dt": {
                            "0": {
                                "val": true
                            }
                        }, 
                        "tp": 5
                    }
                ], 
                "enabled": true, 
                "name": "74c36bca-5666-46a0-97f1-d51c3d5a6be1"
            }
        ], 
        "event_data": {}, 
        "f_rt": 30, 
        "group": "panel_1", 
        "lp": false, 
        "max_frame": 100
    }, 
    "4": {
        "anim_name": "\u73a9\u5bb6\u521b\u5efa", 
        "dt": [
            {
                "dt": [
                    {
                        "dt": {
                            "0": {
                                "val": 1.0
                            }, 
                            "10": {
                                "val": 0.0
                            }
                        }, 
                        "tp": 4
                    }, 
                    {
                        "dt": {
                            "0": {
                                "val": true
                            }, 
                            "10": {
                                "val": false
                            }
                        }, 
                        "tp": 5
                    }
                ], 
                "enabled": true, 
                "name": "e5f14f55-c2fa-4f0d-b43f-98a1a129782d"
            }
        ], 
        "event_data": {}, 
        "f_rt": 30, 
        "group": "panel_1", 
        "lp": false, 
        "max_frame": 100
    }, 
    "5": {
        "anim_name": "\u73a9\u5bb6\u6b7b\u4ea1", 
        "dt": [
            {
                "dt": [
                    {
                        "dt": {
                            "0": {
                                "val": 0.0
                            }, 
                            "50": {
                                "val": 1.0
                            }
                        }, 
                        "tp": 4
                    }, 
                    {
                        "dt": {
                            "0": {
                                "val": true
                            }
                        }, 
                        "tp": 5
                    }
                ], 
                "enabled": true, 
                "name": "e5f14f55-c2fa-4f0d-b43f-98a1a129782d"
            }
        ], 
        "event_data": {}, 
        "f_rt": 30, 
        "group": "panel_1", 
        "lp": false, 
        "max_frame": 100
    }, 
    "6": {
        "anim_name": "\u6307\u5bfc\u5934\u50cf\u51fa\u73b0", 
        "dt": [
            {
                "dt": [
                    {
                        "dt": {
                            "0": {
                                "val": [
                                    20.919540229885058, 
                                    161.29032258064515, 
                                    91.0, 
                                    200.0
                                ]
                            }, 
                            "7": {
                                "val": {
                                    "__tuple__": true, 
                                    "items": [
                                        20.919540229885058, 
                                        -8.064516129032258, 
                                        91.0, 
                                        -10.0
                                    ]
                                }
                            }, 
                            "10": {
                                "val": [
                                    20.919540229885058, 
                                    10.483870967741936, 
                                    91.0, 
                                    13.0
                                ]
                            }
                        }, 
                        "tp": 1
                    }, 
                    {
                        "dt": {
                            "0": {
                                "val": true
                            }
                        }, 
                        "tp": 5
                    }
                ], 
                "enabled": true, 
                "name": "3740987a-7b57-4d8d-a901-fb845db266ce"
            }
        ], 
        "event_data": {}, 
        "f_rt": 30, 
        "group": "panel_1", 
        "lp": false, 
        "max_frame": 100
    }, 
    "7": {
        "anim_name": "\u6307\u5bfc\u5934\u50cf\u6d88\u5931", 
        "dt": [
            {
                "dt": [
                    {
                        "dt": {
                            "0": {
                                "val": [
                                    20.919540229885058, 
                                    10.483870967741936, 
                                    91.0, 
                                    13.0
                                ]
                            }, 
                            "2": {
                                "val": [
                                    20.919540229885058, 
                                    -8.064516129032258, 
                                    91.0, 
                                    -10.0
                                ]
                            }, 
                            "10": {
                                "val": [
                                    20.919540229885058, 
                                    161.29032258064515, 
                                    91.0, 
                                    200.0
                                ]
                            }
                        }, 
                        "tp": 1
                    }, 
                    {
                        "dt": {
                            "0": {
                                "val": true
                            }, 
                            "10": {
                                "val": false
                            }
                        }, 
                        "tp": 5
                    }
                ], 
                "enabled": true, 
                "name": "3740987a-7b57-4d8d-a901-fb845db266ce"
            }
        ], 
        "event_data": {}, 
        "f_rt": 30, 
        "group": "panel_1", 
        "lp": false, 
        "max_frame": 100
    }, 
    "8": {
        "anim_name": "\u5f00\u59cb\u83dc\u5355\u7ebf\u6761\u7ec4\u5408\u52a8\u753b", 
        "dt": [
            {
                "dt": [
                    {
                        "dt": {
                            "0": {
                                "val": 0.0
                            }, 
                            "10": {
                                "val": 1.0
                            }
                        }, 
                        "tp": 4
                    }, 
                    {
                        "dt": {
                            "0": {
                                "val": true
                            }
                        }, 
                        "tp": 5
                    }
                ], 
                "enabled": true, 
                "name": "23802c17-7a43-479d-a9a0-fe06423592f2"
            }, 
            {
                "dt": [
                    {
                        "dt": {
                            "0": {
                                "val": 0.0
                            }, 
                            "10": {
                                "val": 0.0
                            }, 
                            "20": {
                                "val": 1.0
                            }
                        }, 
                        "tp": 4
                    }, 
                    {
                        "dt": {
                            "0": {
                                "val": true
                            }
                        }, 
                        "tp": 5
                    }
                ], 
                "enabled": true, 
                "name": "4f509d0f-c4d9-40c1-85c0-30fe28028599"
            }, 
            {
                "dt": [
                    {
                        "dt": {
                            "0": {
                                "val": 0.0
                            }, 
                            "20": {
                                "val": 0.0
                            }, 
                            "30": {
                                "val": 1.0
                            }
                        }, 
                        "tp": 4
                    }, 
                    {
                        "dt": {
                            "0": {
                                "val": true
                            }
                        }, 
                        "tp": 5
                    }
                ], 
                "enabled": true, 
                "name": "d4ca8d3d-6dc6-4270-aeea-53c321616168"
            }, 
            {
                "dt": [
                    {
                        "dt": {
                            "0": {
                                "val": 0.0
                            }, 
                            "30": {
                                "val": 0.0
                            }, 
                            "40": {
                                "val": 1.0
                            }
                        }, 
                        "tp": 4
                    }, 
                    {
                        "dt": {
                            "0": {
                                "val": true
                            }
                        }, 
                        "tp": 5
                    }
                ], 
                "enabled": true, 
                "name": "68dfb8c4-d7ff-4d87-b688-d2aff916ee36"
            }
        ], 
        "event_data": {}, 
        "f_rt": 30, 
        "group": "e6b6cbea-5b29-4ef5-a3c1-4a3d19391834", 
        "lp": false, 
        "max_frame": 100
    }, 
    "9": {
        "anim_name": "\u5f00\u59cb\u754c\u9762\u6e10\u9ed1", 
        "dt": [
            {
                "dt": [
                    {
                        "dt": {
                            "0": {
                                "val": 0.0
                            }, 
                            "10": {
                                "val": 1.0
                            }
                        }, 
                        "tp": 4
                    }, 
                    {
                        "dt": {
                            "0": {
                                "val": true
                            }
                        }, 
                        "tp": 5
                    }
                ], 
                "enabled": true, 
                "name": "5defafbe-3722-4e21-bb64-a39ae2ebae1e"
            }
        ], 
        "event_data": {}, 
        "f_rt": 30, 
        "group": "e6b6cbea-5b29-4ef5-a3c1-4a3d19391834", 
        "lp": false, 
        "max_frame": 100
    }, 
    "10": {
        "anim_name": "\u5f00\u59cb\u754c\u9762\u6e10\u4eae", 
        "dt": [
            {
                "dt": [
                    {
                        "dt": {
                            "0": {
                                "val": 1.0
                            }, 
                            "10": {
                                "val": 0.0
                            }
                        }, 
                        "tp": 4
                    }, 
                    {
                        "dt": {
                            "0": {
                                "val": true
                            }
                        }, 
                        "tp": 5
                    }
                ], 
                "enabled": true, 
                "name": "5defafbe-3722-4e21-bb64-a39ae2ebae1e"
            }
        ], 
        "event_data": {}, 
        "f_rt": 30, 
        "group": "e6b6cbea-5b29-4ef5-a3c1-4a3d19391834", 
        "lp": false, 
        "max_frame": 100
    }
}