{
    "unit": {
        "4": {
            "components": {
                "__attr": {
                    "hp_percent": 100, 
                    "level": 1, 
                    "mp_percent": 100
                }, 
                "ability": {
                    "1_1": [
                        134250861, 
                        1
                    ]
                }, 
                "camp": {
                    "role_id": 3
                }, 
                "display": {
                    "real_scale": [
                        1.0, 
                        1.0, 
                        1.0
                    ]
                }, 
                "drop_item": null, 
                "item": {}, 
                "movement": {
                    "pitch": {
                        "__tuple__": true, 
                        "items": [
                            0, 
                            0
                        ]
                    }, 
                    "position": {
                        "__tuple__": true, 
                        "items": [
                            [
                                -22, 
                                3942211584
                            ], 
                            [
                                0, 
                                0
                            ], 
                            [
                                -32, 
                                1360101376
                            ]
                        ]
                    }, 
                    "roll": {
                        "__tuple__": true, 
                        "items": [
                            0, 
                            0
                        ]
                    }, 
                    "yaw": {
                        "__tuple__": true, 
                        "items": [
                            6, 
                            1216271935
                        ]
                    }
                }
            }, 
            "entity_id": 134280234, 
            "name": "\u866b\u65cf\u9632\u5fa1\u5854", 
            "type": 4, 
            "unit_id": 4
        }, 
        "7": {
            "components": {
                "__attr": {
                    "hp_percent": 100, 
                    "level": 1, 
                    "mp_percent": 100
                }, 
                "ability": {
                    "1_1": [
                        201347498, 
                        1
                    ]
                }, 
                "camp": {
                    "role_id": 3
                }, 
                "display": {
                    "real_scale": [
                        1.8500000000931323, 
                        1.8500000000931323, 
                        1.8500000000931323
                    ]
                }, 
                "drop_item": null, 
                "item": {}, 
                "movement": {
                    "pitch": {
                        "__tuple__": true, 
                        "items": [
                            0, 
                            0
                        ]
                    }, 
                    "position": {
                        "__tuple__": true, 
                        "items": [
                            [
                                -20, 
                                3221225472
                            ], 
                            [
                                0, 
                                0
                            ], 
                            [
                                -62, 
                                3221225472
                            ]
                        ]
                    }, 
                    "roll": {
                        "__tuple__": true, 
                        "items": [
                            0, 
                            0
                        ]
                    }, 
                    "yaw": {
                        "__tuple__": true, 
                        "items": [
                            6, 
                            1216271784
                        ]
                    }
                }
            }, 
            "entity_id": 134251405, 
            "name": "\u866b\u65cf\u53751", 
            "type": 4, 
            "unit_id": 7
        }, 
        "8": {
            "components": {
                "__attr": {
                    "hp_percent": 100, 
                    "level": 1, 
                    "mp_percent": 100
                }, 
                "ability": {
                    "1_1": [
                        134250861, 
                        1
                    ]
                }, 
                "camp": {
                    "role_id": 3
                }, 
                "display": {
                    "real_scale": [
                        1.0, 
                        1.0, 
                        1.0
                    ]
                }, 
                "drop_item": null, 
                "item": {}, 
                "movement": {
                    "pitch": {
                        "__tuple__": true, 
                        "items": [
                            0, 
                            0
                        ]
                    }, 
                    "position": {
                        "__tuple__": true, 
                        "items": [
                            [
                                21, 
                                238370816
                            ], 
                            [
                                0, 
                                0
                            ], 
                            [
                                -32, 
                                1783267328
                            ]
                        ]
                    }, 
                    "roll": {
                        "__tuple__": true, 
                        "items": [
                            0, 
                            0
                        ]
                    }, 
                    "yaw": {
                        "__tuple__": true, 
                        "items": [
                            0, 
                            189652142
                        ]
                    }
                }
            }, 
            "entity_id": 134280234, 
            "name": "\u866b\u65cf\u9632\u5fa1\u5854", 
            "type": 4, 
            "unit_id": 8
        }, 
        "9": {
            "components": {
                "__attr": {
                    "hp_percent": 100, 
                    "level": 1, 
                    "mp_percent": 100
                }, 
                "ability": {
                    "1_1": [
                        201347498, 
                        1
                    ]
                }, 
                "camp": {
                    "role_id": 1
                }, 
                "display": {
                    "real_scale": [
                        5.2700000000186265, 
                        5.2700000000186265, 
                        5.2700000000186265
                    ]
                }, 
                "drop_item": null, 
                "item": {}, 
                "movement": {
                    "pitch": {
                        "__tuple__": true, 
                        "items": [
                            0, 
                            0
                        ]
                    }, 
                    "position": {
                        "__tuple__": true, 
                        "items": [
                            [
                                -3, 
                                3221225472
                            ], 
                            [
                                0, 
                                0
                            ], 
                            [
                                74, 
                                1073741824
                            ]
                        ]
                    }, 
                    "roll": {
                        "__tuple__": true, 
                        "items": [
                            0, 
                            0
                        ]
                    }, 
                    "yaw": {
                        "__tuple__": true, 
                        "items": [
                            6, 
                            1216271784
                        ]
                    }
                }
            }, 
            "entity_id": 134263186, 
            "name": "\u57fa\u5730", 
            "type": 2, 
            "unit_id": 9
        }, 
        "10": {
            "components": {
                "__attr": {
                    "hp_percent": 100, 
                    "level": 1, 
                    "mp_percent": 100
                }, 
                "ability": {
                    "1_1": [
                        201347498, 
                        1
                    ]
                }, 
                "camp": {
                    "role_id": 3
                }, 
                "display": {
                    "real_scale": [
                        1.8500000000931323, 
                        1.8500000000931323, 
                        1.8500000000931323
                    ]
                }, 
                "drop_item": null, 
                "item": {}, 
                "movement": {
                    "pitch": {
                        "__tuple__": true, 
                        "items": [
                            0, 
                            0
                        ]
                    }, 
                    "position": {
                        "__tuple__": true, 
                        "items": [
                            [
                                16, 
                                3221225472
                            ], 
                            [
                                0, 
                                0
                            ], 
                            [
                                -62, 
                                1073741824
                            ]
                        ]
                    }, 
                    "roll": {
                        "__tuple__": true, 
                        "items": [
                            0, 
                            0
                        ]
                    }, 
                    "yaw": {
                        "__tuple__": true, 
                        "items": [
                            6, 
                            1216271784
                        ]
                    }
                }
            }, 
            "entity_id": 134251405, 
            "name": "\u866b\u65cf\u53751", 
            "type": 4, 
            "unit_id": 10
        }, 
        "11": {
            "components": {
                "__attr": {
                    "hp_percent": 100, 
                    "level": 1, 
                    "mp_percent": 100
                }, 
                "ability": {
                    "1_1": [
                        134250861, 
                        1
                    ]
                }, 
                "camp": {
                    "role_id": 3
                }, 
                "display": {
                    "real_scale": [
                        1.0, 
                        1.0, 
                        1.0
                    ]
                }, 
                "drop_item": null, 
                "item": {}, 
                "movement": {
                    "pitch": {
                        "__tuple__": true, 
                        "items": [
                            0, 
                            0
                        ]
                    }, 
                    "position": {
                        "__tuple__": true, 
                        "items": [
                            [
                                -37, 
                                3969089536
                            ], 
                            [
                                0, 
                                0
                            ], 
                            [
                                -53, 
                                1129119744
                            ]
                        ]
                    }, 
                    "roll": {
                        "__tuple__": true, 
                        "items": [
                            0, 
                            0
                        ]
                    }, 
                    "yaw": {
                        "__tuple__": true, 
                        "items": [
                            6, 
                            1216271784
                        ]
                    }
                }
            }, 
            "entity_id": 134280234, 
            "name": "\u866b\u65cf\u9632\u5fa1\u5854", 
            "type": 4, 
            "unit_id": 11
        }, 
        "13": {
            "components": {
                "__attr": {
                    "hp_percent": 100, 
                    "level": 1, 
                    "mp_percent": 100
                }, 
                "ability": {
                    "1_1": [
                        201347498, 
                        1
                    ]
                }, 
                "camp": {
                    "role_id": 3
                }, 
                "display": {
                    "real_scale": [
                        5.2700000000186265, 
                        5.2700000000186265, 
                        5.2700000000186265
                    ]
                }, 
                "drop_item": null, 
                "item": {}, 
                "movement": {
                    "pitch": {
                        "__tuple__": true, 
                        "items": [
                            0, 
                            0
                        ]
                    }, 
                    "position": {
                        "__tuple__": true, 
                        "items": [
                            [
                                -1, 
                                3221225472
                            ], 
                            [
                                0, 
                                0
                            ], 
                            [
                                -70, 
                                1073741824
                            ]
                        ]
                    }, 
                    "roll": {
                        "__tuple__": true, 
                        "items": [
                            0, 
                            0
                        ]
                    }, 
                    "yaw": {
                        "__tuple__": true, 
                        "items": [
                            0, 
                            0
                        ]
                    }
                }
            }, 
            "entity_id": 134261609, 
            "name": "\u866b\u65cf\u53752", 
            "type": 2, 
            "unit_id": 13
        }, 
        "14": {
            "components": {
                "__attr": {
                    "hp_percent": 100, 
                    "level": 1, 
                    "mp_percent": 100
                }, 
                "ability": {
                    "1_1": [
                        201347498, 
                        1
                    ]
                }, 
                "camp": {
                    "role_id": 3
                }, 
                "display": {
                    "real_scale": [
                        1.8500000000931323, 
                        1.8500000000931323, 
                        1.8500000000931323
                    ]
                }, 
                "drop_item": null, 
                "item": {}, 
                "movement": {
                    "pitch": {
                        "__tuple__": true, 
                        "items": [
                            0, 
                            0
                        ]
                    }, 
                    "position": {
                        "__tuple__": true, 
                        "items": [
                            [
                                -1, 
                                3221225472
                            ], 
                            [
                                0, 
                                0
                            ], 
                            [
                                -68, 
                                3221225472
                            ]
                        ]
                    }, 
                    "roll": {
                        "__tuple__": true, 
                        "items": [
                            0, 
                            0
                        ]
                    }, 
                    "yaw": {
                        "__tuple__": true, 
                        "items": [
                            6, 
                            1216271784
                        ]
                    }
                }
            }, 
            "entity_id": 134251405, 
            "name": "\u866b\u65cf\u53751", 
            "type": 4, 
            "unit_id": 14
        }, 
        "15": {
            "components": {
                "__attr": {
                    "hp_percent": 100, 
                    "level": 1, 
                    "mp_percent": 100
                }, 
                "ability": {
                    "1_1": [
                        134250861, 
                        1
                    ]
                }, 
                "camp": {
                    "role_id": 3
                }, 
                "display": {
                    "real_scale": [
                        1.0, 
                        1.0, 
                        1.0
                    ]
                }, 
                "drop_item": null, 
                "item": {}, 
                "movement": {
                    "pitch": {
                        "__tuple__": true, 
                        "items": [
                            0, 
                            0
                        ]
                    }, 
                    "position": {
                        "__tuple__": true, 
                        "items": [
                            [
                                34, 
                                2817818624
                            ], 
                            [
                                0, 
                                0
                            ], 
                            [
                                -56, 
                                2774532096
                            ]
                        ]
                    }, 
                    "roll": {
                        "__tuple__": true, 
                        "items": [
                            0, 
                            0
                        ]
                    }, 
                    "yaw": {
                        "__tuple__": true, 
                        "items": [
                            6, 
                            1216271784
                        ]
                    }
                }
            }, 
            "entity_id": 134280234, 
            "name": "\u866b\u65cf\u9632\u5fa1\u5854", 
            "type": 4, 
            "unit_id": 15
        }, 
        "16": {
            "components": {
                "__attr": {
                    "hp_percent": 100, 
                    "level": 1, 
                    "mp_percent": 100
                }, 
                "ability": {
                    "1_1": [
                        134250861, 
                        1
                    ]
                }, 
                "camp": {
                    "role_id": 3
                }, 
                "display": {
                    "real_scale": [
                        1.0, 
                        1.0, 
                        1.0
                    ]
                }, 
                "drop_item": null, 
                "item": {}, 
                "movement": {
                    "pitch": {
                        "__tuple__": true, 
                        "items": [
                            0, 
                            0
                        ]
                    }, 
                    "position": {
                        "__tuple__": true, 
                        "items": [
                            [
                                -1, 
                                1934023680
                            ], 
                            [
                                0, 
                                0
                            ], 
                            [
                                -43, 
                                700514304
                            ]
                        ]
                    }, 
                    "roll": {
                        "__tuple__": true, 
                        "items": [
                            0, 
                            0
                        ]
                    }, 
                    "yaw": {
                        "__tuple__": true, 
                        "items": [
                            6, 
                            1216271784
                        ]
                    }
                }
            }, 
            "entity_id": 134280234, 
            "name": "\u866b\u65cf\u9632\u5fa1\u5854", 
            "type": 4, 
            "unit_id": 16
        }, 
        "17": {
            "components": {
                "__attr": {}, 
                "ability": {
                    "1_1": [
                        134268145, 
                        1
                    ]
                }, 
                "camp": {
                    "role_id": 1
                }, 
                "display": {
                    "real_scale": [
                        1.0, 
                        1.0, 
                        1.0
                    ]
                }, 
                "drop_item": null, 
                "item": {}, 
                "movement": {
                    "pitch": {
                        "__tuple__": true, 
                        "items": [
                            0, 
                            0
                        ]
                    }, 
                    "position": {
                        "__tuple__": true, 
                        "items": [
                            [
                                -3, 
                                1073741824
                            ], 
                            [
                                0, 
                                0
                            ], 
                            [
                                38, 
                                3221225472
                            ]
                        ]
                    }, 
                    "roll": {
                        "__tuple__": true, 
                        "items": [
                            0, 
                            0
                        ]
                    }, 
                    "yaw": {
                        "__tuple__": true, 
                        "items": [
                            0, 
                            0
                        ]
                    }
                }
            }, 
            "entity_id": 134270098, 
            "name": "\u9632\u5fa1\u58541", 
            "type": 2, 
            "unit_id": 17
        }, 
        "19": {
            "components": {
                "__attr": {
                    "hp_percent": 100, 
                    "level": 1, 
                    "mp_percent": 100
                }, 
                "ability": {
                    "1_1": [
                        134268145, 
                        1
                    ]
                }, 
                "camp": {
                    "role_id": 1
                }, 
                "display": {
                    "real_scale": [
                        1.0, 
                        1.0, 
                        1.0
                    ]
                }, 
                "drop_item": null, 
                "item": {}, 
                "movement": {
                    "pitch": {
                        "__tuple__": true, 
                        "items": [
                            0, 
                            0
                        ]
                    }, 
                    "position": {
                        "__tuple__": true, 
                        "items": [
                            [
                                14, 
                                1073741824
                            ], 
                            [
                                0, 
                                0
                            ], 
                            [
                                38, 
                                3221225472
                            ]
                        ]
                    }, 
                    "roll": {
                        "__tuple__": true, 
                        "items": [
                            0, 
                            0
                        ]
                    }, 
                    "yaw": {
                        "__tuple__": true, 
                        "items": [
                            0, 
                            0
                        ]
                    }
                }
            }, 
            "entity_id": 134270098, 
            "name": "\u9632\u5fa1\u58541", 
            "type": 2, 
            "unit_id": 19
        }, 
        "20": {
            "components": {
                "__attr": {
                    "hp_percent": 100, 
                    "level": 1, 
                    "mp_percent": 100
                }, 
                "ability": {
                    "1_1": [
                        134268145, 
                        1
                    ]
                }, 
                "camp": {
                    "role_id": 1
                }, 
                "display": {
                    "real_scale": [
                        1.0, 
                        1.0, 
                        1.0
                    ]
                }, 
                "drop_item": null, 
                "item": {}, 
                "movement": {
                    "pitch": {
                        "__tuple__": true, 
                        "items": [
                            0, 
                            0
                        ]
                    }, 
                    "position": {
                        "__tuple__": true, 
                        "items": [
                            [
                                -20, 
                                1073741824
                            ], 
                            [
                                0, 
                                0
                            ], 
                            [
                                38, 
                                3221225472
                            ]
                        ]
                    }, 
                    "roll": {
                        "__tuple__": true, 
                        "items": [
                            0, 
                            0
                        ]
                    }, 
                    "yaw": {
                        "__tuple__": true, 
                        "items": [
                            0, 
                            0
                        ]
                    }
                }
            }, 
            "entity_id": 134270098, 
            "name": "\u9632\u5fa1\u58541", 
            "type": 2, 
            "unit_id": 20
        }, 
        "21": {
            "components": {
                "__attr": {
                    "hp_percent": 100, 
                    "level": 1, 
                    "mp_percent": 100
                }, 
                "ability": {
                    "1_1": [
                        134268145, 
                        1
                    ]
                }, 
                "camp": {
                    "role_id": 1
                }, 
                "display": {
                    "real_scale": [
                        1.0, 
                        1.0, 
                        1.0
                    ]
                }, 
                "drop_item": null, 
                "item": {}, 
                "movement": {
                    "pitch": {
                        "__tuple__": true, 
                        "items": [
                            0, 
                            0
                        ]
                    }, 
                    "position": {
                        "__tuple__": true, 
                        "items": [
                            [
                                -15, 
                                1073741824
                            ], 
                            [
                                0, 
                                0
                            ], 
                            [
                                65, 
                                3221225472
                            ]
                        ]
                    }, 
                    "roll": {
                        "__tuple__": true, 
                        "items": [
                            0, 
                            0
                        ]
                    }, 
                    "yaw": {
                        "__tuple__": true, 
                        "items": [
                            0, 
                            0
                        ]
                    }
                }
            }, 
            "entity_id": 134276376, 
            "name": "\u9632\u5fa1\u58542", 
            "type": 2, 
            "unit_id": 21
        }, 
        "22": {
            "components": {
                "__attr": {
                    "hp_percent": 100, 
                    "level": 1, 
                    "mp_percent": 100
                }, 
                "ability": {
                    "1_1": [
                        134268145, 
                        1
                    ]
                }, 
                "camp": {
                    "role_id": 1
                }, 
                "display": {
                    "real_scale": [
                        1.0, 
                        1.0, 
                        1.0
                    ]
                }, 
                "drop_item": null, 
                "item": {}, 
                "movement": {
                    "pitch": {
                        "__tuple__": true, 
                        "items": [
                            0, 
                            0
                        ]
                    }, 
                    "position": {
                        "__tuple__": true, 
                        "items": [
                            [
                                10, 
                                1073741824
                            ], 
                            [
                                0, 
                                0
                            ], 
                            [
                                65, 
                                3221225472
                            ]
                        ]
                    }, 
                    "roll": {
                        "__tuple__": true, 
                        "items": [
                            0, 
                            0
                        ]
                    }, 
                    "yaw": {
                        "__tuple__": true, 
                        "items": [
                            0, 
                            0
                        ]
                    }
                }
            }, 
            "entity_id": 134276376, 
            "name": "\u9632\u5fa1\u58542", 
            "type": 2, 
            "unit_id": 22
        }
    }
}