[
 {
  "name": "\u6570\u636e", 
  "key": "Jbso8II+Ee6DTGwkCM0y6M", 
  "group": [
   {
    "__tuple__": true, 
    "items": [
     "d590b93c-f585-442b-a392-39af520c10b4", 
     "DirToAngle"
    ]
   }, 
   {
    "__tuple__": true, 
    "items": [
     "78583a26-e27e-4bc2-b182-15d9fc109b02", 
     "\u8fd1\u6218\u8bed\u8a00\u76ee\u5f55"
    ]
   }, 
   {
    "__tuple__": true, 
    "items": [
     "99e65886-1139-44f4-aee2-e408f55093e6", 
     "\u51fa\u751f\u70b9\u5bf9\u5e94\u602a\u7269"
    ]
   }, 
   {
    "__tuple__": true, 
    "items": [
     "a2f48230-6d9e-42f1-babb-e49a9f858e2b", 
     "\u6307\u5f15\u5185\u5bb9"
    ]
   }, 
   {
    "__tuple__": true, 
    "items": [
     "3052156a-8ad2-4102-86ce-9274f3456e38", 
     "\u51fa\u602a\u987a\u5e8f"
    ]
   }, 
   {
    "__tuple__": true, 
    "items": [
     "454e8a86-f63e-4151-8312-d4068a374b00", 
     "\u8fdc\u7a0b\u8bed\u8a00\u76ee\u5f55"
    ]
   }
  ]
 }
]